Event Name,Date Start,Date End,Country,City,Venue,Category,Focus Areas,Estimated Size,Ticket Type,Website URL,Source Platform,Notes
DIY Hairbrush Workshop with myBoostars [Waterway Point],2026-05-19,2026-05-19,Singapore,Singapore,Guardian Health & Beauty + Pharmacy – Waterway Point (Click & Collect),Event,,,,https://www.eventbrite.com/e/diy-hairbrush-workshop-with-myboostars-waterway-point-tickets-1988740950719,Eventbrite,
Vintage Cocktail Crafting - Learn Mixology in a 1920s Speakeasy,2026-05-19,2026-05-19,Singapore,Singapore,Kulnari Mystery Golf,Event,,,,https://www.eventbrite.sg/e/vintage-cocktail-crafting-learn-mixology-in-a-1920s-speakeasy-tickets-1979948459140,Eventbrite,
Ecommerce and Passive Income Coffee Meetup,2026-05-19,2026-05-19,Singapore,Singapore,The Coffee Bean & Tea Leaf,Event,,,,https://www.eventbrite.sg/e/ecommerce-and-passive-income-coffee-meetup-tickets-1976338010190,Eventbrite,
Singles Networking Lunch and Dinner at Asia Square  Food Garden,2026-05-19,2026-05-19,Singapore,Singapore,Asia Square Food Garden,Event,,,,https://www.eventbrite.sg/e/singles-networking-lunch-and-dinner-at-asia-square-food-garden-tickets-1989170104329,Eventbrite,
Dynamic Positioning Asia Conference &amp; Exhibition,2026-05-19,2026-05-20,Singapore,Singapore,,Conference,,,,https://10times.com/dp-asia-conference-exhibition,10times,
Acrylic Painting x AI Enhancement (Traditional drawing/Medium),2026-05-20,2026-05-20,Singapore,Singapore,"402 N Bridge Rd, level 5",Event,,,,https://www.eventbrite.com/e/acrylic-painting-x-ai-enhancement-traditional-drawingmedium-tickets-1988545265419,Eventbrite,
Digital Drawing & Painting Art Workshop Experience 数码绘画工作坊 (Wed.周三),2026-05-20,2026-05-20,Singapore,Singapore,20B Mosque St,Event,,,,https://www.eventbrite.sg/e/digital-drawing-painting-art-workshop-experience-wed-tickets-1984267131405,Eventbrite,
Accessibility as a Catalyst for Better Digital Products,2026-05-20,2026-05-20,Singapore,Singapore,10 Square,Event,,,,https://www.eventbrite.com/e/accessibility-as-a-catalyst-for-better-digital-products-tickets-1984748551345,Eventbrite,
"International Conference on Economics, Management and Social Study",2026-05-20,2026-05-21,Singapore,Singapore,Village Hotel Changi,Event,,,,https://www.eventbrite.com/e/international-conference-on-economics-management-and-social-study-tickets-1981187870252,Eventbrite,
Pixlr Discovery Series 2026: Unifying AI for Effortless Creation,2026-05-20,2026-05-20,Singapore,Singapore,Spaces Paya Lebar Quarter,Event,,,,https://www.eventbrite.sg/e/pixlr-discovery-series-2026-unifying-ai-for-effortless-creation-tickets-1982327727596,Eventbrite,
BNI Amazing 品丰 - Exclusive Business Owners’ Networking,2026-05-20,2026-05-20,Singapore,Singapore,voco Orchard Singapore by IHG,Event,,,,https://www.eventbrite.sg/e/bni-amazing-exclusive-business-owners-networking-tickets-1868820675949,Eventbrite,
Singapore Speed Networking,2026-05-20,2026-05-20,Singapore,Singapore,Trehaus @ Funan Mall Preschool and Workspace in City Hall and CBD,Event,,,,https://www.eventbrite.com/e/singapore-speed-networking-tickets-1987368266985,Eventbrite,
one day Rose and vase Textured Art Workshop in Singapore,2026-05-20,2026-05-20,Singapore,Singapore,Serangoon Avenue 3,Event,,,,https://www.eventbrite.sg/e/one-day-rose-and-vase-textured-art-workshop-in-singapore-tickets-1818364770979,Eventbrite,
Siser Sticker Workshop,2026-05-20,2026-05-20,Singapore,Singapore,Hougang Street 52,Event,,,,https://www.eventbrite.sg/e/siser-sticker-workshop-tickets-1983520060897,Eventbrite,
Healio On Wednesday | Human Advantage: Thriving in the Age of AI,2026-05-20,2026-05-20,Singapore,Singapore,The School of Positive Psychology (TSPP),Event,,,,https://www.eventbrite.sg/e/healio-on-wednesday-human-advantage-thriving-in-the-age-of-ai-tickets-1985892165927,Eventbrite,
Networking lunch at Asia Square Food Garden,2026-05-20,2026-05-20,Singapore,Singapore,Asia Square Food Garden,Event,,,,https://www.eventbrite.sg/e/networking-lunch-at-asia-square-food-garden-tickets-1989019134775,Eventbrite,
Traditional Drawing + AI Art Creation Art Workshop 传统手绘&AI绘画工作坊 (Wed.周三),2026-05-20,2026-05-20,Singapore,Singapore,20B Mosque St,Event,,,,https://www.eventbrite.sg/e/traditional-drawing-ai-art-creation-art-workshop-ai-wed-tickets-1984265108354,Eventbrite,
Upcycling Journaling Workshop,2026-05-20,2026-05-20,Singapore,Singapore,Bartley Brewers,Event,,,,https://www.eventbrite.com/e/upcycling-journaling-workshop-tickets-1988677505954,Eventbrite,
Carve to Print: Linocut Stamp Carving Workshop,2026-05-20,2026-05-20,Singapore,Singapore,The Possible Space,Event,,,,https://www.eventbrite.sg/e/carve-to-print-linocut-stamp-carving-workshop-tickets-1987392511501,Eventbrite,
Botanical Postcard Design & Painting w. Watercolour Illustration,2026-05-20,2026-05-20,Singapore,Singapore,20B Mosque St,Event,,,,https://www.eventbrite.sg/e/botanical-postcard-design-painting-w-watercolour-illustration-tickets-1984528521229,Eventbrite,
Pressed Flower Lamp Workshop,2026-05-20,2026-05-20,Singapore,Singapore,Hougang Street 52,Event,,,,https://www.eventbrite.sg/e/pressed-flower-lamp-workshop-tickets-1983519852273,Eventbrite,
Lunch Boost: Body and Brain reset for peak performance,2026-05-20,2026-05-20,Singapore,Singapore,International Plaza Singapore (#10-23),Event,,,,https://www.eventbrite.sg/e/lunch-boost-body-and-brain-reset-for-peak-performance-tickets-1988069989857,Eventbrite,
Sculpture Making of Figurines - Art Workshop Experience  雕塑制作工作坊 (Wed. 周三),2026-05-20,2026-05-20,Singapore,Singapore,20B Mosque St,Event,,,,https://www.eventbrite.sg/e/sculpture-making-of-figurines-art-workshop-experience-wed-tickets-1984253464527,Eventbrite,
Caricature Portrait Drawing- Art Workshop Experience 肖像夸张漫画绘画工作坊 (Wed.周三),2026-05-20,2026-05-20,Singapore,Singapore,20B Mosque St,Event,,,,https://www.eventbrite.sg/e/caricature-portrait-drawing-art-workshop-experience-wed-tickets-1984274289816,Eventbrite,
Marquage Leather Painting - Art Workshop Experience 皮革绘画工作坊(Wed.周三),2026-05-20,2026-05-20,Singapore,Singapore,20B Mosque St,Event,,,,https://www.eventbrite.sg/e/marquage-leather-painting-art-workshop-experience-wed-tickets-1984272437275,Eventbrite,
Malaysia Waste Management & Recycling Expo 2026,2026-05-20,2026-05-22,Malaysia,Kuala Lumpur,Setia City Convention Centre,Event,,,,https://www.eventbrite.com/e/malaysia-waste-management-recycling-expo-2026-tickets-1988375951998,Eventbrite,
Facebook Partner - Facebook & Instagram Advertising Workshop (Beg + Inter),2026-05-20,2026-05-20,Malaysia,Kuala Lumpur,Cloud Media (Digital Advertising & Academy),Event,,,,https://www.eventbrite.com/e/facebook-partner-facebook-instagram-advertising-workshop-beg-inter-tickets-1986308327678,Eventbrite,
(HRDF Claimable) Facebook Partner - Facebook&Instagram Advertising Workshop,2026-05-20,2026-05-21,Malaysia,Kuala Lumpur,Cloud Media (Digital Advertising & Academy),Event,,,,https://www.eventbrite.com/e/hrdf-claimable-facebook-partner-facebookinstagram-advertising-workshop-tickets-1986308752950,Eventbrite,
Facebook & Instagram (+) TikTok Ads Workshop (Beg+Int+Adv),2026-05-20,2026-05-22,Malaysia,Kuala Lumpur,Cloud Media (Digital Advertising & Academy),Event,,,,https://www.eventbrite.com/e/facebook-instagram-tiktok-ads-workshop-begintadv-tickets-1986965458173,Eventbrite,
(HRDF Claimable) Facebook & Instagram (+) TikTok Ads Workshop,2026-05-20,2026-05-22,Malaysia,Kuala Lumpur,Cloud Media (Digital Advertising & Academy),Event,,,,https://www.eventbrite.com/e/hrdf-claimable-facebook-instagram-tiktok-ads-workshop-tickets-1986966496278,Eventbrite,
(HRDF Claimable) Facebook & Instagram (+) Google Ads & YouTube Ads Workshop,2026-05-20,2026-05-26,Malaysia,Kuala Lumpur,Cloud Media (Digital Advertising & Academy),Event,,,,https://www.eventbrite.com/e/hrdf-claimable-facebook-instagram-google-ads-youtube-ads-workshop-tickets-1986966599587,Eventbrite,
(HRDF Claimable) Facebook & IG (+) Google & YouTube (+) TikTok Ads Workshop,2026-05-20,2026-05-26,Malaysia,Kuala Lumpur,Cloud Media (Digital Advertising & Academy),Event,,,,https://www.eventbrite.com/e/hrdf-claimable-facebook-ig-google-youtube-tiktok-ads-workshop-tickets-1986966549437,Eventbrite,
Facebook & Instagram (+) Google Ads & YouTube (+) TikTok Ads Workshop,2026-05-20,2026-05-26,Malaysia,Kuala Lumpur,Cloud Media (Digital Advertising & Academy),Event,,,,https://www.eventbrite.com/e/facebook-instagram-google-ads-youtube-tiktok-ads-workshop-tickets-1986965610629,Eventbrite,
Facebook & Instagram (+) Google Ads & YouTube Ads Workshop (Beg+Int+Adv),2026-05-20,2026-05-26,Malaysia,Kuala Lumpur,Cloud Media (Digital Advertising & Academy),Event,,,,https://www.eventbrite.com/e/facebook-instagram-google-ads-youtube-ads-workshop-begintadv-tickets-1986965552455,Eventbrite,
BizCon Networking Meetup,2026-05-20,2026-05-20,Malaysia,Kuala Lumpur,DÔME (The Gardens Mall),Event,,,,https://www.eventbrite.hk/e/bizcon-networking-meetup-tickets-1989170056185,Eventbrite,
Adults Badminton Training Class In Petaling Jaya,2026-05-20,2026-05-20,Malaysia,Kuala Lumpur,Ara Court Badminton Hall,Event,,,,https://www.eventbrite.sg/e/adults-badminton-training-class-in-petaling-jaya-tickets-1988175631835,Eventbrite,
"CGC Developmental Programme® Networking Session, 20 May 2026",2026-05-20,2026-05-20,Malaysia,Kuala Lumpur,Credit Guarantee Corporation Malaysia Berhad,Event,,,,https://www.eventbrite.com/e/cgc-developmental-programme-networking-session-20-may-2026-tickets-1989880935444,Eventbrite,
International Wellness Expo,2026-05-20,2026-05-20,Malaysia,Kuala Lumpur,Kuala Lumpur Convention Centre,Event,,,,https://www.eventbrite.com/e/international-wellness-expo-tickets-1949728884579,Eventbrite,
SUT Singapore Networking Evening,2026-05-21,2026-05-21,Singapore,Singapore,"Blu Jaz, Clarke Quay Central",Event,,,,https://www.eventbrite.sg/e/sut-singapore-networking-evening-tickets-1988369126583,Eventbrite,
Third Thursdays Free & Easy Business Networking in Singapore,2026-05-21,2026-05-21,Singapore,Singapore,Rocky Master,Event,,,,https://www.eventbrite.sg/e/third-thursdays-free-easy-business-networking-in-singapore-tickets-1127319144909,Eventbrite,
[21 May 2026] BNI Synergy Weekly Networking Meeting,2026-05-21,2026-05-21,Singapore,Singapore,Chui Huay Lim Club,Event,,,,https://www.eventbrite.sg/e/21-may-2026-bni-synergy-weekly-networking-meeting-tickets-1988602216762,Eventbrite,
BNI Mastermind Weekly Business Networking Meeting,2026-05-21,2026-05-21,Singapore,Singapore,Royal Plaza on Scotts Singapore,Event,,,,https://www.eventbrite.sg/e/bni-mastermind-weekly-business-networking-meeting-tickets-1118693445209,Eventbrite,
Business Networking 2026  (BNI Crescendo),2026-05-21,2026-05-21,Singapore,Singapore,Holiday Inn Singapore Orchard City Centre by IHG,Event,,,,https://www.eventbrite.sg/e/business-networking-2026-bni-crescendo-tickets-1983065034902,Eventbrite,
AIMfg Tour,2026-05-21,2026-05-21,Singapore,Singapore,CleanTech Two A,Event,,,,https://www.eventbrite.sg/e/aimfg-tour-tickets-1056401117179,Eventbrite,
Tanjore painting workshop class: learn with simple processes step by step!,2026-05-21,2026-05-21,Singapore,Singapore,Serangoon Avenue 3,Event,,,,https://www.eventbrite.sg/e/tanjore-painting-workshop-class-learn-with-simple-processes-step-by-step-tickets-1985772903209,Eventbrite,
Adventurer. Chinese Speech & Drama. 3-5 y.o.,2026-05-21,2026-05-21,Singapore,Singapore,"36 Armenian St, #02 02",Event,,,,https://www.eventbrite.sg/e/adventurer-chinese-speech-drama-3-5-yo-tickets-1987300578527,Eventbrite,
Shipping Network Singapore - Networking Event: Talent and Leadership,2026-05-21,2026-05-21,Singapore,Singapore,Conrad Singapore Orchard,Event,,,,https://www.eventbrite.sg/e/shipping-network-singapore-networking-event-talent-and-leadership-tickets-1983713973896,Eventbrite,
BNI Titans Business Networking Event,2026-05-21,2026-05-21,Singapore,Singapore,The American Club,Event,,,,https://www.eventbrite.sg/e/bni-titans-business-networking-event-tickets-1388976248349,Eventbrite,
The Esprit Business Networking Experience (Evening Business Event),2026-05-21,2026-05-21,Singapore,Singapore,Metropolitan YMCA,Event,,,,https://www.eventbrite.sg/e/the-esprit-business-networking-experience-evening-business-event-tickets-1986196862282,Eventbrite,
"Singapore | Shake, Stir & Sip: A Cocktail Workshop Experience",2026-05-21,2026-05-21,Singapore,Singapore,IOI Central Boulevard Towers,Event,,,,https://www.eventbrite.hk/e/singapore-shake-stir-sip-a-cocktail-workshop-experience-tickets-1986051554663,Eventbrite,
BNI Vantage Singapore – Business Networking That Delivers,2026-05-21,2026-05-21,Singapore,Singapore,Metropolitan YMCA,Event,,,,https://www.eventbrite.com/e/bni-vantage-singapore-business-networking-that-delivers-registration-1322075707029,Eventbrite,
Human Factors: Managing Human Failures by Risk Assessment (Part 2),2026-05-21,2026-05-21,Singapore,Singapore,The Arcade,Event,,,,https://www.eventbrite.sg/e/human-factors-managing-human-failures-by-risk-assessment-part-2-tickets-1988534762003,Eventbrite,
Business Networking  (BNI Crescendo),2026-05-21,2026-05-21,Singapore,Singapore,"Holiday Inn Express & Suites Singapore Novena, an IHG Hotel",Event,,,,https://www.eventbrite.sg/e/business-networking-bni-crescendo-tickets-1977002848740,Eventbrite,
Nanyang-style Peranakan Tile Painting - Art Workshop 南洋风格娘惹瓷砖彩绘(Thur.周四),2026-05-21,2026-05-21,Singapore,Singapore,20B Mosque St,Event,,,,https://www.eventbrite.sg/e/nanyang-style-peranakan-tile-painting-art-workshop-thur-tickets-1984122418565,Eventbrite,
Nanyang-style Peranakan Tile Painting (Sat & Sun) - Art Workshop 南洋风格娘惹瓷砖彩绘,2026-05-21,2026-05-21,Singapore,Singapore,20B Mosque St,Event,,,,https://www.eventbrite.sg/e/nanyang-style-peranakan-tile-painting-sat-sun-art-workshop-tickets-1984523323683,Eventbrite,
Chinese Paper Cutting & Handicraft Making- Art Workshop 剪纸&传统手艺 (Thur.周四),2026-05-21,2026-05-21,Singapore,Singapore,20B Mosque St,Event,,,,https://www.eventbrite.sg/e/chinese-paper-cutting-handicraft-making-art-workshop-thur-tickets-1984263857613,Eventbrite,
Batik Painting with Tote Bag - Art Workshop Experience 蜡染托特包绘画工作坊(Thur.周四),2026-05-21,2026-05-21,Singapore,Singapore,20B Mosque St,Event,,,,https://www.eventbrite.sg/e/batik-painting-with-tote-bag-art-workshop-experience-thur-tickets-1984113980326,Eventbrite,
MY Business Networking 2026,2026-05-21,2026-05-21,Malaysia,Kuala Lumpur,D-3A-08 Oasis Square,Event,,,,https://www.eventbrite.sg/e/my-business-networking-2026-tickets-1988264274969,Eventbrite,
Trust-Driven Networking Private Insight Forum,2026-05-21,2026-05-21,Malaysia,Kuala Lumpur,"Level 13, Wisma Mont Kiara",Event,,,,https://www.eventbrite.sg/e/trust-driven-networking-private-insight-forum-tickets-1986865381842,Eventbrite,
"TechiesKL Meetup - Build, Grow and Share Together",2026-05-21,2026-05-21,Malaysia,Kuala Lumpur,Sigma School | Best Online Programming Course Malaysia,Event,,,,https://www.eventbrite.com/e/techieskl-meetup-build-grow-and-share-together-tickets-1855302703329,Eventbrite,
BBC Mandarin Class Cyberjaya,2026-05-21,2026-05-21,Malaysia,Kuala Lumpur,Rekascape,Event,,,,https://www.eventbrite.com/e/bbc-mandarin-class-cyberjaya-tickets-721845538437,Eventbrite,
Twimbit Telecom Summit,2026-05-21,2026-05-21,Singapore,Singapore,,Conference,,,,https://10times.com/e15h-xxgd-0d0p-8-twimbit-telecom-summit,10times,
Exploring the Digital Frontier of Mental Health Exhibition,2026-05-22,2026-05-22,Singapore,Singapore,"MAELab @ Alexandra Hospital, Block 29, Level 2 (Please note that the building is currently under partial renovation and there will be scaffolding (in blue) on the exterior till June 2026. The Lab is still accessible to visitors via the lift facing carpark",Event,,,,https://www.eventbrite.sg/e/exploring-the-digital-frontier-of-mental-health-exhibition-tickets-1978807010035,Eventbrite,
Google Cloud 游戏行业研讨会： AI全栈赋能与全球合规增长,2026-05-22,2026-05-22,Singapore,Singapore,谷歌新加坡,Event,,,,https://www.eventbrite.hk/e/google-cloud-ai-tickets-1987488729291,Eventbrite,
TGIF NETWORKING #40,2026-05-22,2026-05-22,Singapore,Singapore,"Armoury Steaks & Craft Beer Bar - Steakhouse at Somerset, , #Orchard Central Singapore",Event,,,,https://www.eventbrite.sg/e/tgif-networking-40-tickets-1980766842948,Eventbrite,
One day Pichwai painting workshop in Singapore!,2026-05-22,2026-05-22,Singapore,Singapore,Serangoon Avenue 3,Event,,,,https://www.eventbrite.sg/e/one-day-pichwai-painting-workshop-in-singapore-tickets-1343869924119,Eventbrite,
Pichwai workshop / classes/ sessions in Singapore,2026-05-22,2026-05-22,Singapore,Singapore,Serangoon Avenue 3,Event,,,,https://www.eventbrite.sg/e/pichwai-workshop-classes-sessions-in-singapore-tickets-1017183241457,Eventbrite,
SME Talk & Networking,2026-05-22,2026-05-22,Singapore,Singapore,80 Jurong East Street 21,Event,,,,https://www.eventbrite.sg/e/sme-talk-networking-tickets-1989767188223,Eventbrite,
The Magic Bar Show - A Cocktail of Mysteries by Kai Emmanuel,2026-05-22,2026-05-22,Singapore,Singapore,The Magic Bar,Event,,,,https://www.eventbrite.sg/e/the-magic-bar-show-a-cocktail-of-mysteries-by-kai-emmanuel-tickets-1951441517109,Eventbrite,
Tales of the Sea: The Tale of Badang & Hantu Air,2026-05-22,2026-05-22,Singapore,Singapore,Water Sports Centre,Event,,,,https://www.eventbrite.com/e/tales-of-the-sea-the-tale-of-badang-hantu-air-tickets-1989655051820,Eventbrite,
(HRDF Claimable) TikTok Partner - TikTok Advertising Workshop,2026-05-22,2026-05-22,Malaysia,Kuala Lumpur,Cloud Media (Digital Advertising & Academy),Event,,,,https://www.eventbrite.com/e/hrdf-claimable-tiktok-partner-tiktok-advertising-workshop-tickets-1986310364771,Eventbrite,
TikTok Partner - TikTok Advertising Workshop (Beg + Int + Adv),2026-05-22,2026-05-22,Malaysia,Kuala Lumpur,Cloud Media (Digital Advertising & Academy),Event,,,,https://www.eventbrite.com/e/tiktok-partner-tiktok-advertising-workshop-beg-int-adv-tickets-1986310319636,Eventbrite,
Hokkaido Table Live Sessions,2026-05-22,2026-05-22,Malaysia,Kuala Lumpur,Hokkaido Table - The Exchange TRX,Event,,,,https://www.eventbrite.com/e/hokkaido-table-live-sessions-tickets-1982939213567,Eventbrite,
Eco Enzyme: Uses & Science Workshop,2026-05-23,2026-05-23,Singapore,Singapore,Temasek Shophouse,Event,,,,https://www.eventbrite.sg/e/eco-enzyme-uses-science-workshop-tickets-1989065312895,Eventbrite,
"Spice, Ice & Everything Nice: Singapore HeritageFest Gelato Making Workshop",2026-05-23,2026-05-23,Singapore,Singapore,Asian Civilisations Museum (B1 Demo Room),Event,,,,https://www.eventbrite.sg/e/spice-ice-everything-nice-singapore-heritagefest-gelato-making-workshop-tickets-1987853307755,Eventbrite,
Silva Mind Method Workshops,2026-05-23,2026-05-26,Singapore,Singapore,203 Henderson Rd,Event,,,,https://www.eventbrite.sg/e/silva-mind-method-workshops-tickets-1904578067269,Eventbrite,
A Practical Workshop with Recipes to Manage Stress,2026-05-23,2026-05-23,Singapore,Singapore,"Little Farms Market, Serangoon Garden (Grocery store)",Event,,,,https://www.eventbrite.sg/e/a-practical-workshop-with-recipes-to-manage-stress-tickets-1987669354546,Eventbrite,
OKC vs SAS G3 Pub Screening: The Most-Awaited NBA WCF Matchup,2026-05-23,2026-05-23,Singapore,Singapore,SOS Bar Restaurant,Event,,,,https://www.eventbrite.sg/e/okc-vs-sas-g3-pub-screening-the-most-awaited-nba-wcf-matchup-tickets-1989833237779,Eventbrite,
Textured Art Workshop in Singapore - create beautiful floral canvases!!!,2026-05-23,2026-05-23,Singapore,Singapore,Serangoon Avenue 3,Event,,,,https://www.eventbrite.sg/e/textured-art-workshop-in-singapore-create-beautiful-floral-canvases-tickets-1982478421325,Eventbrite,
Macao Talk + Terrarium Making Workshop (23rd May - 3pm),2026-05-23,2026-05-23,Singapore,Singapore,EU Travel Expo @ Suntec City,Event,,,,https://www.eventbrite.sg/e/macao-talk-terrarium-making-workshop-23rd-may-3pm-tickets-1989368850785,Eventbrite,
Join Howdyman Hub – Founding Member AI Workshop + Networking,2026-05-23,2026-05-23,Singapore,Singapore,3 Ubi Ave 3,Event,,,,https://www.eventbrite.com/e/join-howdyman-hub-founding-member-ai-workshop-networking-tickets-1988809725426,Eventbrite,
Learn the Basics of Floral Watercolor Painting with Procreate,2026-05-23,2026-05-23,Singapore,Singapore,Bedok Reservoir MRT Station (DT30),Event,,,,https://www.eventbrite.sg/e/learn-the-basics-of-floral-watercolor-painting-with-procreate-tickets-1989065807374,Eventbrite,
[By Appointment Only] Robotics Training & Competition Prep (FLL/NRC/IDE),2026-05-23,2026-05-23,Singapore,Singapore,(Venue depends on availability) 23 Serangoon Central,Event,,,,https://www.eventbrite.com/e/by-appointment-only-robotics-training-competition-prep-fllnrcide-tickets-1981510882390,Eventbrite,
"Olive Oil Tasting with Beît Ballout, Paired with Starter Lab Sourdough",2026-05-23,2026-05-23,Singapore,Singapore,"Little Farms Market, Serangoon Garden (Grocery store)",Event,,,,https://www.eventbrite.sg/e/olive-oil-tasting-with-beit-ballout-paired-with-starter-lab-sourdough-tickets-1987487090389,Eventbrite,
‍Running 202: Run More Efficiently (Technique & Control),2026-05-23,2026-05-23,Singapore,Singapore,National Stadium gate 1,Event,,,,https://www.eventbrite.sg/e/running-202-run-more-efficiently-technique-control-tickets-1988093678711,Eventbrite,
Founders Running Club :: Singapore,2026-05-23,2026-05-23,Singapore,Singapore,Open Sourced,Event,,,,https://www.eventbrite.com/e/founders-running-club-singapore-tickets-1839704869789,Eventbrite,
Reiki 2 Workshop with Jaslyn,2026-05-23,2026-05-24,Singapore,Singapore,167 Geylang Rd,Event,,,,https://www.eventbrite.sg/e/reiki-2-workshop-with-jaslyn-tickets-1981287424020,Eventbrite,
The District 80 Toastmasters Annual Conference 2026,2026-05-23,2026-05-24,Singapore,Singapore,Raffles Marina,Event,,,,https://www.eventbrite.sg/e/the-district-80-toastmasters-annual-conference-2026-tickets-1986136764528,Eventbrite,
Motive Race Prep Workshop,2026-05-23,2026-05-23,Singapore,Singapore,Motive Fitness,Event,,,,https://www.eventbrite.sg/e/motive-race-prep-workshop-tickets-1989297045012,Eventbrite,
Flow: Mindful Watercolour Art Workshop,2026-05-23,2026-05-23,Singapore,Singapore,Tampines Avenue 8,Event,,,,https://www.eventbrite.sg/e/flow-mindful-watercolour-art-workshop-tickets-1988066128307,Eventbrite,
Custom Post-a-Record: Group Workshop,2026-05-23,2026-05-23,Singapore,Singapore,"ART/ST Records @ L^IFE at *SCAPE, #02-12 (Next to ChaSing)",Event,,,,https://www.eventbrite.sg/e/custom-post-a-record-group-workshop-tickets-1986970036868,Eventbrite,
Decode: 1:1 Astrology Birth Chart Reading for Career & Relationship Success,2026-05-23,2026-05-23,Singapore,Singapore,Singapore,Event,,,,https://www.eventbrite.sg/e/decode-11-astrology-birth-chart-reading-for-career-relationship-success-tickets-1988290093192,Eventbrite,
Botanical Postcard Design & Painting with Watercolour Illustration,2026-05-23,2026-05-23,Singapore,Singapore,20B Mosque St,Event,,,,https://www.eventbrite.sg/e/botanical-postcard-design-painting-with-watercolour-illustration-tickets-1983190772988,Eventbrite,
First Aid For Helpers - Central - City Hall (Special Promo 10% Off),2026-05-23,2026-05-23,Singapore,Singapore,Trehaus @ Funan Mall Preschool and Workspace in City Hall and CBD,Event,,,,https://www.eventbrite.sg/e/first-aid-for-helpers-central-city-hall-special-promo-10-off-tickets-1967830491974,Eventbrite,
AFRO Dancehall Workshop with Dante Mayilla,2026-05-23,2026-05-23,Singapore,Singapore,JR Fitness Singapore (City Hall),Event,,,,https://www.eventbrite.sg/e/afro-dancehall-workshop-with-dante-mayilla-tickets-1987733942731,Eventbrite,
(Her)Story of the Longsai Black Headscarf Women,2026-05-23,2026-05-23,Singapore,Singapore,HarbourFront MRT Station (NE1/CC29) Exit D,Event,,,,https://www.eventbrite.sg/e/herstory-of-the-longsai-black-headscarf-women-tickets-1987876742850,Eventbrite,
From Concept to Motion: A Real-World Creative Pipeline Demo,2026-05-23,2026-05-23,Singapore,Singapore,National Library / Lee Kong Chian Reference Library,Event,,,,https://www.eventbrite.sg/e/from-concept-to-motion-a-real-world-creative-pipeline-demo-tickets-1989440071809,Eventbrite,
Conscious Gapless Breathing with Short Group MaiTri,2026-05-23,2026-05-23,Malaysia,Kuala Lumpur,Mohanji Centre Petaling Jaya,Event,,,,https://www.eventbrite.sg/e/conscious-gapless-breathing-with-short-group-maitri-tickets-1988885783919,Eventbrite,
UNSTOPPABLE ENTREPRENEURS (Business Networking),2026-05-23,2026-05-23,Malaysia,Kuala Lumpur,Qi Tower Block C,Event,,,,https://www.eventbrite.hk/e/unstoppable-entrepreneurs-business-networking-tickets-1989375350225,Eventbrite,
Star Education Fair  23&24 May 2026 / Setia SPICE Penang,2026-05-23,2026-05-24,Malaysia,Kuala Lumpur,Setia SPICE Convention Centre,Event,,,,https://www.eventbrite.com/e/star-education-fair-2324-may-2026-setia-spice-penang-tickets-1604490376909,Eventbrite,
"myStarjob Fair 23-24 May 2026 | Mid Valley Exhibition Ctr, KUALA LUMPUR",2026-05-23,2026-05-24,Malaysia,Kuala Lumpur,Mid Valley Exhibition Centre (MVEC KL),Event,,,,https://www.eventbrite.com/e/mystarjob-fair-23-24-may-2026-mid-valley-exhibition-ctr-kuala-lumpur-tickets-1980925994976,Eventbrite,
Digital Detox Meditation,2026-05-24,2026-05-24,Singapore,Singapore,SPACE2B,Event,,,,https://www.eventbrite.sg/e/digital-detox-meditation-tickets-1972405800846,Eventbrite,
"Heal ""Not Good Enough"" – Confidence Workshop",2026-05-24,2026-05-24,Singapore,Singapore,333B Beach Rd,Event,,,,https://www.eventbrite.sg/e/heal-not-good-enough-confidence-workshop-tickets-1988315433987,Eventbrite,
Möwe Smart Home x FT2 Interior Design Workshop,2026-05-24,2026-05-24,Singapore,Singapore,Mowe Smart Home Balestier 4D Showroom,Event,,,,https://www.eventbrite.sg/e/mowe-smart-home-x-ft2-interior-design-workshop-tickets-1988965755115,Eventbrite,
2026 SHAI Annual Showcase 2026年城隍藝術學院年度汇报,2026-05-24,2026-05-24,Singapore,Singapore,Sheng Hong Theatre,Event,,,,https://www.eventbrite.sg/e/2026-shai-annual-showcase-2026-tickets-1988987330648,Eventbrite,
Raise Your Spiritual IQ: An ECK Light and Sound Service,2026-05-24,2026-05-24,Singapore,Singapore,Gordon Industrial Building,Event,,,,https://www.eventbrite.sg/e/raise-your-spiritual-iq-an-eck-light-and-sound-service-tickets-1988411070037,Eventbrite,
Paws & Play Sports Day @ UE Square Mall,2026-05-24,2026-05-24,Singapore,Singapore,UE Square,Event,,,,https://www.eventbrite.sg/e/paws-play-sports-day-ue-square-mall-tickets-1988297870454,Eventbrite,
Brunch & Networking for Entrepreneurs in Singapore -  Connect & Collaborate,2026-05-25,2026-05-25,Singapore,Singapore,Hapi Cafe,Event,,,,https://www.eventbrite.sg/e/brunch-networking-for-entrepreneurs-in-singapore-connect-collaborate-tickets-1989631173399,Eventbrite,
Kerala Mural Painting Classes / Workshop / sessions in Singapore,2026-05-25,2026-05-25,Singapore,Singapore,Serangoon Avenue 3,Event,,,,https://www.eventbrite.sg/e/kerala-mural-painting-classes-workshop-sessions-in-singapore-tickets-1017160363027,Eventbrite,
[SG Heritage Fest] Lee Wee & Brothers Central Kitchen Visit & Otah Workshop,2026-05-25,2026-05-25,Singapore,Singapore,JTC Bedok Food City,Event,,,,https://www.eventbrite.sg/e/sg-heritage-fest-lee-wee-brothers-central-kitchen-visit-otah-workshop-tickets-1986411691843,Eventbrite,
CERT First Aider Course (CFAC) Registration of Interest for Run 455,2026-05-25,2026-05-25,Singapore,Singapore,151 Chin Swee Rd,Event,,,,https://www.eventbrite.sg/e/cert-first-aider-course-cfac-registration-of-interest-for-run-455-tickets-1967459003843,Eventbrite,
VIP Yacht (AI x Future of Finance) @Marina Cove with STI Ventures,2026-05-25,2026-05-25,Singapore,Singapore,Marina at Keppel Bay,Event,,,,https://www.eventbrite.sg/e/vip-yacht-ai-x-future-of-finance-marina-cove-with-sti-ventures-tickets-1989731087244,Eventbrite,
Respirator Fit Test Training (Qualitative & Quantitative),2026-05-25,2026-05-25,Singapore,Singapore,The Arcade,Event,,,,https://www.eventbrite.sg/e/respirator-fit-test-training-qualitative-quantitative-tickets-1988186167347,Eventbrite,
Google Partner - Google Ads & YouTube Advertising Workshop (Beg + Inter),2026-05-25,2026-05-25,Malaysia,Kuala Lumpur,Cloud Media (Digital Advertising & Academy),Event,,,,https://www.eventbrite.com/e/google-partner-google-ads-youtube-advertising-workshop-beg-inter-tickets-1986308876319,Eventbrite,
KPMG Trusted AI CoE Student Experience,2026-05-26,2026-05-26,Singapore,Singapore,Asia Square Tower 2,Event,,,,https://www.eventbrite.com/e/kpmg-trusted-ai-coe-student-experience-tickets-1989190597625,Eventbrite,
Business Networking with BNI Infinity,2026-05-26,2026-05-26,Singapore,Singapore,"60 Stevens Road, Singapore",Event,,,,https://www.eventbrite.com/e/business-networking-with-bni-infinity-tickets-1979032522549,Eventbrite,
Future Maritime Innovation at SP CEMS,2026-05-26,2026-05-26,Singapore,Singapore,Lot One Shoppers' Mall,Event,,,,https://www.eventbrite.sg/e/future-maritime-innovation-at-sp-cems-tickets-1988969229507,Eventbrite,
BNI Vision SG Exclusive Networking Event,2026-05-26,2026-05-26,Singapore,Singapore,Suntec Singapore Convention & Exhibition Centre,Event,,,,https://www.eventbrite.com/e/bni-vision-sg-exclusive-networking-event-tickets-1984953013898,Eventbrite,
"Mixed-Gender Social Night/ Networking Event (Real Convo, Real People)",2026-05-26,2026-05-26,Singapore,Singapore,Unsalted by Lazy Potato,Event,,,,https://www.eventbrite.com/e/mixed-gender-social-night-networking-event-real-convo-real-people-tickets-1987787402631,Eventbrite,
COUPLE'S INTIMACY Private Workshop by Hedonist,2026-05-26,2026-05-26,Singapore,Singapore,Hedonist Tribe | Sex Toys,Event,,,,https://www.eventbrite.sg/e/couples-intimacy-private-workshop-by-hedonist-tickets-1962958152676,Eventbrite,
"Online Networking event (for business owners in KL / Selangor, MY only)",2026-05-26,2026-05-26,Malaysia,Kuala Lumpur,Crystal Crown Hotel Petaling Jaya,Event,,,,https://www.eventbrite.com/e/online-networking-event-for-business-owners-in-kl-selangor-my-only-tickets-1987362149688,Eventbrite,
Entrepreneur Networking Group May 2026 Edition,2026-05-26,2026-05-26,Malaysia,Kuala Lumpur,Padi House The Gardens Mall,Event,,,,https://www.eventbrite.com/e/entrepreneur-networking-group-may-2026-edition-tickets-1989311303660,Eventbrite,
27 May: Little Adventurers [1-Day Hari Raya Haji PH Special],2026-05-27,2026-05-27,Singapore,Singapore,KIDS SPACE,Event,,,,https://www.eventbrite.sg/e/27-may-little-adventurers-1-day-hari-raya-haji-ph-special-tickets-1979648990421,Eventbrite,
Peter & Blue's Treasure Hunt 2026: Pointe Shoe Workshop,2026-05-27,2026-05-31,Singapore,Singapore,SOTA Studio Theatre foyer,Event,,,,https://www.eventbrite.sg/e/peter-blues-treasure-hunt-2026-pointe-shoe-workshop-tickets-1984517839279,Eventbrite,
Champeta Workshop with Elkin Bedoya,2026-05-27,2026-05-27,Singapore,Singapore,JR Fitness Singapore (City Hall),Event,,,,https://www.eventbrite.sg/e/champeta-workshop-with-elkin-bedoya-tickets-1988238872991,Eventbrite,
Discover Your Cellular Repair Side Hustle,2026-05-28,2026-05-28,Singapore,Singapore,International Plaza,Event,,,,https://www.eventbrite.sg/e/discover-your-cellular-repair-side-hustle-tickets-1988544190203,Eventbrite,
Conscious Dating Club: The Human Design of Dating workshop,2026-05-28,2026-05-28,Singapore,Singapore,Art Werkx,Event,,,,https://www.eventbrite.sg/e/conscious-dating-club-the-human-design-of-dating-workshop-tickets-1983948510401,Eventbrite,
Building Sustainable Monthly Income: Smart Financial Planning Strategies,2026-05-29,2026-05-29,Singapore,Singapore,Phillip Investor Centre - Holland Drive,Event,,,,https://www.eventbrite.sg/e/building-sustainable-monthly-income-smart-financial-planning-strategies-tickets-1986300294651,Eventbrite,
BUSINESS NETWORKING Singapore 2026,2026-05-29,2026-05-29,Singapore,Singapore,Paya Lebar Square,Event,,,,https://www.eventbrite.com/e/business-networking-singapore-2026-tickets-1987816779498,Eventbrite,
Networking Yacht Party With Private Chef,2026-05-29,2026-05-29,Singapore,Singapore,ONE°15 Marina Sentosa Cove Singapore,Event,,,,https://www.eventbrite.sg/e/networking-yacht-party-with-private-chef-tickets-1988750161268,Eventbrite,
Mental Health First Aid™ Course,2026-05-29,2026-05-29,Singapore,Singapore,The Intellect Company,Event,,,,https://www.eventbrite.sg/e/mental-health-first-aidtm-course-tickets-1985417023764,Eventbrite,
"Filmmaking, Football and the Future of Storytelling with GenAI",2026-05-30,2026-05-30,Singapore,Singapore,*SCAPE,Event,,,,https://www.eventbrite.sg/e/filmmaking-football-and-the-future-of-storytelling-with-genai-tickets-1989638326795,Eventbrite,
Speak For Change:  Speech Mastery & Sustainability,2026-05-30,2026-05-30,Singapore,Singapore,SP Jain School of Global Management,Event,,,,https://www.eventbrite.sg/e/speak-for-change-speech-mastery-sustainability-tickets-1986711051235,Eventbrite,
Mindful Growth: Our Family Mental Wellness Workshop,2026-05-30,2026-05-30,Singapore,Singapore,Gardens by the Bay,Event,,,,https://www.eventbrite.sg/e/mindful-growth-our-family-mental-wellness-workshop-tickets-1987797836840,Eventbrite,
Super Kids Expo 2026,2026-05-30,2026-05-30,Singapore,Singapore,Singapore Expo Hall 6,Event,,,,https://www.eventbrite.sg/e/super-kids-expo-2026-tickets-1989544721820,Eventbrite,
Watercolour Confidence Workshop by Leach,2026-05-30,2026-05-30,Singapore,Singapore,Art Workshops by Leach,Event,,,,https://www.eventbrite.sg/e/watercolour-confidence-workshop-by-leach-registration-1984174929627,Eventbrite,
Personal Colour Analysis & Perfume Blending Workshop,2026-05-30,2026-05-30,Singapore,Singapore,International Plaza,Event,,,,https://www.eventbrite.sg/e/personal-colour-analysis-perfume-blending-workshop-tickets-1988748491273,Eventbrite,
FIRE IGNITING REVIVAL ENCOUNTER (F.I.R.E.) 15 CONFERENCE,2026-05-30,2026-05-30,Malaysia,Kuala Lumpur,King of Glory Supernatural Church (KOGSC),Event,,,,https://www.eventbrite.sg/e/fire-igniting-revival-encounter-fire-15-conference-tickets-1988319198246,Eventbrite,
Sip and Paint (Glow in the Dark):Forest Night Sky,2026-05-30,2026-05-30,Malaysia,Kuala Lumpur,Le Masterpiece,Event,,,,https://www.eventbrite.sg/e/sip-and-paint-glow-in-the-darkforest-night-sky-tickets-1988680554071,Eventbrite,
[LLI] Play and Sing Like a Pro - Smart Guitar workshop,2026-05-31,2026-05-31,Singapore,Singapore,Lifelong Learning Institute,Event,,,,https://www.eventbrite.sg/e/lli-play-and-sing-like-a-pro-smart-guitar-workshop-tickets-1982668380498,Eventbrite,
Wesak Day Blessing and Vegan Fair 卫塞节浴佛祈福法会 与蔬食小市集,2026-05-31,2026-05-31,Singapore,Singapore,Nirvana Memorial Garden,Event,,,,https://www.eventbrite.com.au/e/wesak-day-blessing-and-vegan-fair-tickets-1989896927276,Eventbrite,
Multi-Instruments Sound Healing Training Course,2026-05-31,2026-05-31,Singapore,Singapore,SPACE2B,Event,,,,https://www.eventbrite.sg/e/multi-instruments-sound-healing-training-course-tickets-1978116443532,Eventbrite,
The Catholic Pitch,2026-05-31,2026-05-31,Singapore,Singapore,Little Island Brewing Co @ Gillman Barracks,Event,,,,https://www.eventbrite.sg/e/the-catholic-pitch-registration-1985899287227,Eventbrite,
Sunday Workshop : Crystal Candle Making (2pm),2026-05-31,2026-05-31,Malaysia,Kuala Lumpur,Le Masterpiece,Event,,,,https://www.eventbrite.sg/e/sunday-workshop-crystal-candle-making-2pm-tickets-1988487543772,Eventbrite,
"June & July AI, Coding & Robotics Summer Holiday Camp for Kids | Ages 4–19",2026-06-01,2026-06-01,Singapore,Singapore,Empire AI River Valley,Event,,,,https://www.eventbrite.sg/e/june-july-ai-coding-robotics-summer-holiday-camp-for-kids-ages-419-tickets-1988542120011,Eventbrite,
Holiday Art Immersion - Digital Drawing & Painting 12 Sessions (6-9YO),2026-06-01,2026-06-01,Singapore,Singapore,Visual Arts Centre @ Dhoby Ghaut MRT Station Exit B,Event,,,,https://www.eventbrite.sg/e/holiday-art-immersion-digital-drawing-painting-12-sessions-6-9yo-tickets-1989768887305,Eventbrite,
Summer Holiday Art Camp - Digital Drawing 8 Sessions (10-18YO),2026-06-01,2026-06-01,Singapore,Singapore,Visual Arts Centre @ Dhoby Ghaut MRT Station Exit B,Event,,,,https://www.eventbrite.sg/e/summer-holiday-art-camp-digital-drawing-8-sessions-10-18yo-tickets-1989731637891,Eventbrite,
1 - 5 Jun: Realm of Imagination [A Magical Adventure],2026-06-01,2026-06-05,Singapore,Singapore,KIDS SPACE,Event,,,,https://www.eventbrite.sg/e/1-5-jun-realm-of-imagination-a-magical-adventure-tickets-1979649019508,Eventbrite,
"Brave Squad: Land, Air, Sea Holiday Camp",2026-06-01,2026-06-01,Singapore,Singapore,VivoCity,Event,,,,https://www.eventbrite.sg/e/brave-squad-land-air-sea-holiday-camp-tickets-1987594211792,Eventbrite,
[Beginners] Early Creators:  5-6 y.o. Coding & Problem Solving (4-day),2026-06-01,2026-06-01,Singapore,Singapore,LccL Coding Academy,Event,,,,https://www.eventbrite.sg/e/beginners-early-creators-5-6-yo-coding-problem-solving-4-day-registration-1981079220277,Eventbrite,
[Returning] Early Creators: 5-6 y.o. Coding & Problem Solving,2026-06-01,2026-06-01,Singapore,Singapore,LccL Coding Academy,Event,,,,https://www.eventbrite.sg/e/returning-early-creators-5-6-yo-coding-problem-solving-registration-1981078600423,Eventbrite,
Summer Holiday Art Camp - Digital Drawing & Painting 8 Sessions (6-9YO),2026-06-01,2026-06-01,Singapore,Singapore,Visual Arts Centre @ Dhoby Ghaut MRT Station Exit B,Event,,,,https://www.eventbrite.sg/e/summer-holiday-art-camp-digital-drawing-painting-8-sessions-6-9yo-tickets-1989638413053,Eventbrite,
Holiday Art Immersion - Watercolour Painting 12 Sessions (6-9YO),2026-06-01,2026-06-01,Singapore,Singapore,Visual Arts Centre @ Dhoby Ghaut MRT Station Exit B,Event,,,,https://www.eventbrite.sg/e/holiday-art-immersion-watercolour-painting-12-sessions-6-9yo-tickets-1989741256661,Eventbrite,
International Conference on Tourism and Hospitality (ICTH - 2026),2026-06-02,2026-06-03,Singapore,Singapore,Arcc Spaces - 75 High Street,Event,,,,https://www.eventbrite.com/e/international-conference-on-tourism-and-hospitality-icth-2026-tickets-1982871704646,Eventbrite,
Project BrainForge: Solve the unsolvable (12 – 17 years old),2026-06-02,2026-06-30,Singapore,Singapore,Brahm Centre @ Aljunied,Event,,,,https://www.eventbrite.sg/e/project-brainforge-solve-the-unsolvable-12-17-years-old-tickets-1987586815670,Eventbrite,
"GPF EW on Inland Container Depots –Operations&Planning, 2-3 Jun 26, SPR",2026-06-02,2026-06-03,Singapore,Singapore,M Hotel Singapore City Centre,Event,,,,https://www.eventbrite.sg/e/gpf-ew-on-inland-container-depots-operationsplanning-2-3-jun-26-spr-tickets-1554155032539,Eventbrite,
New Production Launch,2026-06-02,2026-06-02,Singapore,Singapore,Changi Chapel & Museum,Event,,,,https://www.eventbrite.com/e/new-production-launch-tickets-1988055667017,Eventbrite,
Chinese Brush Painting Course (Beg) by Sher Ley,2026-06-03,2026-06-03,Singapore,Singapore,Brahm Centre @ Tampines,Event,,,,https://www.eventbrite.sg/e/chinese-brush-painting-course-beg-by-sher-ley-tickets-1988971378936,Eventbrite,
Business Networking for Business Owners ( In Person ),2026-06-03,2026-06-03,Singapore,Singapore,The American Club,Event,,,,https://www.eventbrite.sg/e/business-networking-for-business-owners-in-person-tickets-1978766887026,Eventbrite,
Calm Circles: Managing Uncertainty (3 June 2026) - In-person,2026-06-03,2026-06-03,Singapore,Singapore,The Foundry,Event,,,,https://www.eventbrite.sg/e/calm-circles-managing-uncertainty-3-june-2026-in-person-tickets-1988737939713,Eventbrite,
"Reiki Healing Level 1 Hybrid workshop - June 3&5, 9am- 1:30 pm each day",2026-06-03,2026-06-05,Singapore,Singapore,The Blue Lotus,Event,,,,https://www.eventbrite.co.uk/e/reiki-healing-level-1-hybrid-workshop-june-35-9am-130-pm-each-day-tickets-1989289719100,Eventbrite,
Tuning Forks Mastery Training Course,2026-06-03,2026-06-03,Singapore,Singapore,SPACE2B,Event,,,,https://www.eventbrite.sg/e/tuning-forks-mastery-training-course-tickets-1978081536123,Eventbrite,
Master Public Speaking - 90 mins Voice Workshop + June Chapter Meeting,2026-06-03,2026-06-03,Singapore,Singapore,Nanyang Technological University (one-north),Event,,,,https://www.eventbrite.sg/e/master-public-speaking-90-mins-voice-workshop-june-chapter-meeting-tickets-1987766226292,Eventbrite,
BUSINESS NETWORKING EVENT PRESTIGE CHAPTER,2026-06-03,2026-06-03,Singapore,Singapore,Goodwood Park Hotel,Event,,,,https://www.eventbrite.sg/e/business-networking-event-prestige-chapter-tickets-1988766674660,Eventbrite,
First Thursdays Free & Easy Business Networking in Singapore,2026-06-04,2026-06-04,Singapore,Singapore,Rocky Master,Event,,,,https://www.eventbrite.sg/e/first-thursdays-free-easy-business-networking-in-singapore-tickets-1127312484989,Eventbrite,
Jane Lee - An Unlikely Adventurer,2026-06-04,2026-06-04,Singapore,Singapore,The British Club,Event,,,,https://www.eventbrite.sg/e/jane-lee-an-unlikely-adventurer-tickets-1987796328328,Eventbrite,
BNI IZAQ Present: An EXCLUSIVE Business Networking @ Pan Pacific Marina SQ,2026-06-04,2026-06-04,Singapore,Singapore,Pan Pacific Singapore,Event,,,,https://www.eventbrite.com/e/bni-izaq-present-an-exclusive-business-networking-pan-pacific-marina-sq-tickets-1040415238987,Eventbrite,
Morning Business Networking Event (In-Person),2026-06-04,2026-06-04,Singapore,Singapore,"voco Orchard Singapore, an IHG Hotel",Event,,,,https://www.eventbrite.sg/e/morning-business-networking-event-in-person-tickets-784780468507,Eventbrite,
Singapore Humanitarian Network Drinks,2026-06-04,2026-06-04,Singapore,Singapore,Wala Wala Cafe Bar,Event,,,,https://www.eventbrite.sg/e/singapore-humanitarian-network-drinks-tickets-1981917868697,Eventbrite,
Exploring IFRS S2 Climate Risk Scenario Analysis Workshop,2026-06-04,2026-06-04,Malaysia,Kuala Lumpur,Bernard Business Consulting Sdn. Bhd.,Event,,,,https://www.eventbrite.com/e/exploring-ifrs-s2-climate-risk-scenario-analysis-workshop-tickets-1985698800566,Eventbrite,
Our Mighty Minds Workshop (Children),2026-06-05,2026-06-06,Singapore,Singapore,City Square Mall,Event,,,,https://www.eventbrite.sg/e/our-mighty-minds-workshop-children-tickets-1849983292829,Eventbrite,
Bootcamp:  3-hour 3D Printing Workshop for Kids,2026-06-06,2026-06-06,Singapore,Singapore,The Young Maker (Lowland Road),Event,,,,https://www.eventbrite.sg/e/bootcamp-3-hour-3d-printing-workshop-for-kids-tickets-1988194051930,Eventbrite,
"Himalayan Singing
Bowl Training",2026-06-06,2026-06-07,Singapore,Singapore,THE LIVING ROOM,Event,,,,https://www.eventbrite.sg/e/himalayan-singing-bowl-training-tickets-1988916237005,Eventbrite,
Nature and Sustainability Tour: Energy and Water [Jun' 26],2026-06-06,2026-06-06,Singapore,Singapore,"Gardens by the Bay sign next to ticketing counter, after taking Exit B at Bayfront MRT",Event,,,,https://www.eventbrite.sg/e/nature-and-sustainability-tour-energy-and-water-jun-26-tickets-1988741319823,Eventbrite,
Reiki  Beginners Workshop with Jaslyn,2026-06-06,2026-06-07,Singapore,Singapore,167 Geylang Rd,Event,,,,https://www.eventbrite.sg/e/reiki-beginners-workshop-with-jaslyn-tickets-1988812304139,Eventbrite,
Leafy Abstract Prints Workshop,2026-06-06,2026-06-06,Singapore,Singapore,Goodman Arts Center,Event,,,,https://www.eventbrite.sg/e/leafy-abstract-prints-workshop-tickets-1988766149088,Eventbrite,
The Fearless Fire - A Transformative Workshop,2026-06-06,2026-06-06,Singapore,Singapore,1 Serangoon North View,Event,,,,https://www.eventbrite.sg/e/the-fearless-fire-a-transformative-workshop-tickets-1989887613418,Eventbrite,
Untamed Presents : 2016 Again Ft. STUVI,2026-06-06,2026-06-07,Singapore,Singapore,Oxley Tower,Event,,,,https://www.eventbrite.sg/e/untamed-presents-2016-again-ft-stuvi-tickets-1988902441743,Eventbrite,
WellSpent Saturday Luxe - Zero Waste Cooking Lab: Herb-Stem Pesto,2026-06-06,2026-06-06,Singapore,Singapore,At-Sunrice Globalchef Academy,Event,,,,https://www.eventbrite.sg/e/wellspent-saturday-luxe-zero-waste-cooking-lab-herb-stem-pesto-tickets-1988975057940,Eventbrite,
Not So Little Fair RSVP Registration - Jun'26,2026-06-06,2026-06-07,Singapore,Singapore,Suntec Singapore Convention & Exhibition Centre,Event,,,,https://www.eventbrite.sg/e/not-so-little-fair-rsvp-registration-jun26-tickets-1985495582736,Eventbrite,
Of Time & Stone: A Swiss Showcase by NORQAIN & Stefania’s Stones,2026-06-06,2026-06-06,Singapore,Singapore,NORQAIN Singapore Wisma Atria Boutique,Event,,,,https://www.eventbrite.sg/e/of-time-stone-a-swiss-showcase-by-norqain-stefanias-stones-tickets-1986315971541,Eventbrite,
Climate Adaptation Workshop,2026-06-06,2026-06-06,Singapore,Singapore,Putian building,Event,,,,https://www.eventbrite.com/e/climate-adaptation-workshop-tickets-1989705123586,Eventbrite,
Air-conditioner Recycling and Eco Tour at Gain City,2026-06-06,2026-06-06,Singapore,Singapore,71 Sungei Kadut Dr,Event,,,,https://www.eventbrite.sg/e/air-conditioner-recycling-and-eco-tour-at-gain-city-tickets-1988802863903,Eventbrite,
First Aid For Families - Central - City Hall (Special Promo 10% Off),2026-06-06,2026-06-06,Singapore,Singapore,Trehaus @ Funan Mall Preschool and Workspace in City Hall and CBD,Event,,,,https://www.eventbrite.sg/e/first-aid-for-families-central-city-hall-special-promo-10-off-tickets-1967844632268,Eventbrite,
EAE-levate Your Future  with Singapore Polytechnic!,2026-06-06,2026-06-06,Singapore,Singapore,Singapore Polytechnic Convention Centre,Event,,,,https://www.eventbrite.sg/e/eae-levate-your-future-with-singapore-polytechnic-tickets-1986306906427,Eventbrite,
Practicing Mindfulness for Sustainability: A Forest Bathing Experience,2026-06-06,2026-06-06,Malaysia,Kuala Lumpur,KLCC Park,Event,,,,https://www.eventbrite.com/e/practicing-mindfulness-for-sustainability-a-forest-bathing-experience-tickets-1986300988727,Eventbrite,
SCaTFAiR (Trial),2026-06-06,2026-06-07,Malaysia,Kuala Lumpur,Hikmah Exchange Event Centre,Event,,,,https://www.eventbrite.com/e/scatfair-trial-tickets-1989193134212,Eventbrite,
SG Chill & Connect Social CBD Meetup on 7 June (Sun) | Boardgames Theme,2026-06-07,2026-06-07,Singapore,Singapore,Margaret Market,Event,,,,https://www.eventbrite.sg/e/sg-chill-connect-social-cbd-meetup-on-7-june-sun-boardgames-theme-tickets-1988904690469,Eventbrite,
My New Happy! 2026 Season 2 Workshop 13: Compensation Defences,2026-06-07,2026-06-07,Singapore,Singapore,Youngberg Wellness Centre Pte Ltd,Event,,,,https://www.eventbrite.sg/e/my-new-happy-2026-season-2-workshop-13-compensation-defences-tickets-1987365044346,Eventbrite,
Watercolour Painting Course (Beg) by Lee Nee,2026-06-08,2026-06-08,Singapore,Singapore,Brahm Centre @ Tampines,Event,,,,https://www.eventbrite.sg/e/watercolour-painting-course-beg-by-lee-nee-tickets-1989080961701,Eventbrite,
PAW Patrol Adventure by Supermom,2026-06-08,2026-06-21,Singapore,Singapore,One Holland Village,Event,,,,https://www.eventbrite.sg/e/paw-patrol-adventure-by-supermom-tickets-1988571863976,Eventbrite,
PSLE English Oral SBC Workshop  - 9 June 2026,2026-06-09,2026-06-09,Singapore,Singapore,"Singapore Shopping Centre, 6th Floor (150m from Dhoby Ghaut MRT)",Event,,,,https://www.eventbrite.sg/e/psle-english-oral-sbc-workshop-9-june-2026-tickets-1763446719609,Eventbrite,
Little Hoteliers Big Adventures 2026,2026-06-09,2026-06-09,Singapore,Singapore,407 Havelock Rd,Event,,,,https://www.eventbrite.com/e/little-hoteliers-big-adventures-2026-tickets-1989165614901,Eventbrite,
"10th Biogas, Biomass, Bioenergy & Biofuels SAF Asia Summit Malaysia Focus",2026-06-09,2026-06-09,Malaysia,Kuala Lumpur,Malaysia,Event,,,,https://www.eventbrite.com/e/10th-biogas-biomass-bioenergy-biofuels-saf-asia-summit-malaysia-focus-tickets-1987293705971,Eventbrite,
10th Waste Management & Waste to Energy Asia Summit Malaysia Focus,2026-06-09,2026-06-09,Malaysia,Kuala Lumpur,Malaysia,Event,,,,https://www.eventbrite.com/e/10th-waste-management-waste-to-energy-asia-summit-malaysia-focus-tickets-1987289896577,Eventbrite,
Summit of Titans II,2026-06-09,2026-06-09,Malaysia,Kuala Lumpur,New Ocean World Fine Food City PJ,Event,,,,https://www.eventbrite.com/e/summit-of-titans-ii-tickets-1988314587455,Eventbrite,
MIA International Accountants Conference 2026,2026-06-09,2026-06-10,Malaysia,Kuala Lumpur,kuala lumpur,Event,,,,https://www.eventbrite.com/e/mia-international-accountants-conference-2026-tickets-1977686071277,Eventbrite,
Second Wednesdays Business Networking & Drinks in Singapore CBD,2026-06-10,2026-06-10,Singapore,Singapore,"Goodbye, Alibi",Event,,,,https://www.eventbrite.sg/e/second-wednesdays-business-networking-drinks-in-singapore-cbd-tickets-1235584158479,Eventbrite,
10PM Curfew Club - The Velvet Affair,2026-06-10,2026-06-10,Singapore,Singapore,The Velvet Affair by Noble Affairs,Event,,,,https://www.eventbrite.com/e/10pm-curfew-club-the-velvet-affair-tickets-1989018015427,Eventbrite,
Turn Time-Draining Work into Automated Wins: A Systemization Playbook,2026-06-10,2026-06-10,Singapore,Singapore,MG Singapore: Moved to Online Sessions,Event,,,,https://www.eventbrite.sg/e/turn-time-draining-work-into-automated-wins-a-systemization-playbook-tickets-1988528377908,Eventbrite,
PTM01: Treasury Management Seminar Training Program,2026-06-11,2026-06-12,Singapore,Singapore,Sheraton Towers Singapore,Event,,,,https://www.eventbrite.sg/e/ptm01-treasury-management-seminar-training-program-tickets-1048569578837,Eventbrite,
PAC01: Accounting Fundamentals Seminar Training Program,2026-06-12,2026-06-12,Singapore,Singapore,Sheraton Towers Singapore,Event,,,,https://www.eventbrite.sg/e/pac01-accounting-fundamentals-seminar-training-program-tickets-1983936453338,Eventbrite,
13 Jun: Groom Their Room [Bilingual Design Workshop for ages 9-12],2026-06-13,2026-06-13,Singapore,Singapore,"2 Kallang Pudding Rd, #06 04",Event,,,,https://www.eventbrite.sg/e/13-jun-groom-their-room-bilingual-design-workshop-for-ages-9-12-registration-1989074519432,Eventbrite,
Floating Super New Moon GONG BATH in AirCradle™ – The Cosmic Womb,2026-06-13,2026-06-13,Singapore,Singapore,Fairmont Hotel Singapore Wellness Studio,Event,,,,https://www.eventbrite.sg/e/floating-super-new-moon-gong-bath-in-aircradletm-the-cosmic-womb-tickets-1989366139676,Eventbrite,
The Teshuvah Workshop,2026-06-13,2026-06-14,Singapore,Singapore,408729 LOCATION: Blk 65 Ubi Road 1 #04-28  Oxley Bizhub S(408729),Event,,,,https://www.eventbrite.sg/e/the-teshuvah-workshop-tickets-1988058962875,Eventbrite,
Play and Sing Like a Pro - Smart Guitar workshop,2026-06-13,2026-06-13,Singapore,Singapore,The Singing Loft,Event,,,,https://www.eventbrite.sg/e/play-and-sing-like-a-pro-smart-guitar-workshop-tickets-1979577712226,Eventbrite,
Awareness Before Change Workshop (ABC) - Inperson,2026-06-13,2026-06-13,Singapore,Singapore,Nankin Row,Event,,,,https://www.eventbrite.sg/e/awareness-before-change-workshop-abc-inperson-registration-1989436275454,Eventbrite,
Daily Journalism,2026-06-13,2026-06-13,Singapore,Singapore,National Gallery Singapore,Event,,,,https://www.eventbrite.sg/e/daily-journalism-tickets-1989168388196,Eventbrite,
sol/lux Presents: A Song For All Hearts,2026-06-13,2026-06-13,Singapore,Singapore,The Arts House,Event,,,,https://www.eventbrite.co.uk/e/sollux-presents-a-song-for-all-hearts-tickets-1987402485333,Eventbrite,
Cornerstone Series with Lim Ai Hooi,2026-06-13,2026-06-13,Singapore,Singapore,SOTA Concert Hall,Event,,,,https://www.eventbrite.sg/e/cornerstone-series-with-lim-ai-hooi-tickets-1989633654821,Eventbrite,
MOCA Growth Circle 13 Jun'26 (In-Person @ Cairnhill CC),2026-06-13,2026-06-13,Singapore,Singapore,Cairnhill Community Club,Event,,,,https://www.eventbrite.sg/e/moca-growth-circle-13-jun26-in-person-cairnhill-cc-tickets-1974584415140,Eventbrite,
Move To Regulate- Dance Movement Therapy Workshop for Nervous System Reset,2026-06-13,2026-06-13,Singapore,Singapore,Bolly Dancing Studio,Event,,,,https://www.eventbrite.sg/e/move-to-regulate-dance-movement-therapy-workshop-for-nervous-system-reset-tickets-1989546428926,Eventbrite,
Storm Riders Workshop (Parent-Child),2026-06-13,2026-06-13,Singapore,Singapore,City Square Mall,Event,,,,https://www.eventbrite.sg/e/storm-riders-workshop-parent-child-tickets-1989207961561,Eventbrite,
INTERNATIONAL BEAUTY EXPO (IBE) 2026,2026-06-13,2026-06-13,Malaysia,Kuala Lumpur,Kuala Lumpur Convention Centre,Event,,,,https://www.eventbrite.com/e/international-beauty-expo-ibe-2026-tickets-1498596204589,Eventbrite,
Watercolour Painting Workshop by Ong Kim Seng,2026-06-14,2026-06-14,Singapore,Singapore,VAC Art Gallery & Studio,Event,,,,https://www.eventbrite.sg/e/watercolour-painting-workshop-by-ong-kim-seng-tickets-1989773443934,Eventbrite,
Sustainability in Mandai Talk & Tour,2026-06-14,2026-06-14,Singapore,Singapore,Bird Paradise,Event,,,,https://www.eventbrite.sg/e/sustainability-in-mandai-talk-tour-tickets-1984950185438,Eventbrite,
PCR03: Structuring Optimal Banking Lines Seminar Training Program,2026-06-15,2026-06-18,Singapore,Singapore,Sheraton Towers Singapore,Event,,,,https://www.eventbrite.sg/e/pcr03-structuring-optimal-banking-lines-seminar-training-program-tickets-1983936349026,Eventbrite,
PCR02: Loan Management and Risk Monitoring Seminar Training Program,2026-06-15,2026-06-15,Singapore,Singapore,Sheraton Towers Singapore,Event,,,,https://www.eventbrite.sg/e/pcr02-loan-management-and-risk-monitoring-seminar-training-program-tickets-857853201017,Eventbrite,
Voices for the Voiceless  Premiere & Remains of the Arctic Launch,2026-06-15,2026-06-15,Singapore,Singapore,Shaw Theatres Lido,Event,,,,https://www.eventbrite.com.au/e/voices-for-the-voiceless-premiere-remains-of-the-arctic-launch-tickets-1989444506072,Eventbrite,
"2nd GPF Exe Wkshp on Use of Technology for Ports & Term, 16-17 Jun 26, SPR",2026-06-16,2026-06-17,Singapore,Singapore,M Hotel Singapore City Centre,Event,,,,https://www.eventbrite.sg/e/2nd-gpf-exe-wkshp-on-use-of-technology-for-ports-term-16-17-jun-26-spr-tickets-1267525566089,Eventbrite,
PTF01: Understanding International Trade Finance Seminar Training Program,2026-06-16,2026-06-17,Singapore,Singapore,Sheraton Towers Singapore,Event,,,,https://www.eventbrite.sg/e/ptf01-understanding-international-trade-finance-seminar-training-program-tickets-1983936219639,Eventbrite,
DSA Interview Skills Workshop  - 16 JUNE 2026,2026-06-16,2026-06-16,Singapore,Singapore,"Singapore Shopping Centre, 6th Floor (150m from Dhoby Ghaut MRT)",Event,,,,https://www.eventbrite.sg/e/dsa-interview-skills-workshop-16-june-2026-tickets-1989296655848,Eventbrite,
[Pride Month Edition] Date My Friend: A comedy dating pitch show,2026-06-16,2026-06-16,Singapore,Singapore,MDLR,Event,,,,https://www.eventbrite.sg/e/pride-month-edition-date-my-friend-a-comedy-dating-pitch-show-tickets-1985978760935,Eventbrite,
"2nd Executive Workshop on Advanced Shipping Business, 16-17 Jun 26, SPR",2026-06-16,2026-06-17,Singapore,Singapore,M Hotel Singapore,Event,,,,https://www.eventbrite.sg/e/2nd-executive-workshop-on-advanced-shipping-business-16-17-jun-26-spr-tickets-1681695700109,Eventbrite,
Samwoh's Green Building and Sustainable Construction Tour,2026-06-17,2026-06-17,Singapore,Singapore,Samwoh Smart Hub,Event,,,,https://www.eventbrite.sg/e/samwohs-green-building-and-sustainable-construction-tour-tickets-1986118880035,Eventbrite,
linocut stamp making workshop,2026-06-17,2026-06-17,Singapore,Singapore,3 Jln Pemimpin,Event,,,,https://www.eventbrite.com/e/linocut-stamp-making-workshop-tickets-1988537264488,Eventbrite,
PRM03: Operational Risk Management Seminar Training Program,2026-06-18,2026-06-19,Singapore,Singapore,Sheraton Towers Singapore,Event,,,,https://www.eventbrite.sg/e/prm03-operational-risk-management-seminar-training-program-tickets-512471815997,Eventbrite,
"Networking Dinner - For Biz Owner, Investor & Aspiring Entrepreneur",2026-06-18,2026-06-18,Singapore,Singapore,Highlander Bar @ Millenia Walk,Event,,,,https://www.eventbrite.sg/e/networking-dinner-for-biz-owner-investor-aspiring-entrepreneur-tickets-1989801836858,Eventbrite,
"5th World Summit and Exhibition on Pediatrics, Perinatology, and Emergency",2026-06-18,2026-06-18,Malaysia,Kuala Lumpur,"9, Jalan Lumut",Event,,,,https://www.eventbrite.co.uk/e/5th-world-summit-and-exhibition-on-pediatrics-perinatology-and-emergency-tickets-1989083468198,Eventbrite,
Operational Risk Management Seminar Training Program,2026-06-18,2026-06-19,Singapore,Singapore,,Conference,,,,https://10times.com/operational-risk-management-singapore,10times,
AI Vision Arcade Lab [Habourfront],2026-06-19,2026-06-19,Singapore,Singapore,"Agora Colearning (Preschool, Play School, Enrichment, Student Care)",Event,,,,https://www.eventbrite.com/e/ai-vision-arcade-lab-habourfront-tickets-1988817165680,Eventbrite,
Hand-Built Pottery Workshop,2026-06-19,2026-06-19,Singapore,Singapore,Block 308C HDB Punggol,Event,,,,https://www.eventbrite.com/e/hand-built-pottery-workshop-tickets-1987873465046,Eventbrite,
Ubin Unleashed: Youth Adventure Hunt  (12-18 years old),2026-06-19,2026-06-19,Singapore,Singapore,Changi Point Ferry Terminal,Event,,,,https://www.eventbrite.sg/e/ubin-unleashed-youth-adventure-hunt-12-18-years-old-tickets-1987599318065,Eventbrite,
Respirator Fit Test Training (Qualitative),2026-06-19,2026-06-19,Singapore,Singapore,The Arcade,Event,,,,https://www.eventbrite.sg/e/respirator-fit-test-training-qualitative-tickets-1989644796145,Eventbrite,
EFT Tapping Training Foundation (Level 1) Workshop,2026-06-20,2026-06-20,Singapore,Singapore,ACC EduHub,Event,,,,https://www.eventbrite.sg/e/eft-tapping-training-foundation-level-1-workshop-registration-1986317461999,Eventbrite,
Ola Beach Club - Hydroponics Workshop,2026-06-20,2026-06-20,Singapore,Singapore,Ola Beach Club,Event,,,,https://www.eventbrite.sg/e/ola-beach-club-hydroponics-workshop-tickets-1987487888777,Eventbrite,
Fun-Nancial Literacy Workshop for Parents & Kids (Ages 7–12),2026-06-20,2026-06-20,Singapore,Singapore,Speech Academy Asia Headquarters - Public Speaking for Kids and Adults,Event,,,,https://www.eventbrite.sg/e/fun-nancial-literacy-workshop-for-parents-kids-ages-712-tickets-1989884991576,Eventbrite,
Healing & Dance (Contact Beyond Contact) Workshop,2026-06-20,2026-06-20,Singapore,Singapore,Orchard Road,Event,,,,https://www.eventbrite.sg/e/healing-dance-contact-beyond-contact-workshop-tickets-1989812257025,Eventbrite,
Tantra (Couple) Training Course,2026-06-20,2026-06-20,Singapore,Singapore,SPACE2B,Event,,,,https://www.eventbrite.sg/e/tantra-couple-training-course-tickets-1978081439835,Eventbrite,
Lee Wee & Brothers: Central Kitchen Visit and Otah-Making Workshop,2026-06-20,2026-06-20,Singapore,Singapore,JTC Bedok Food City,Event,,,,https://www.eventbrite.sg/e/lee-wee-brothers-central-kitchen-visit-and-otah-making-workshop-tickets-1986407721969,Eventbrite,
BASI Pilates Teacher Training Course Briefing  on 20 June 2026 (via zoom),2026-06-20,2026-06-20,Singapore,Singapore,71 Tras St,Event,,,,https://www.eventbrite.sg/e/basi-pilates-teacher-training-course-briefing-on-20-june-2026-via-zoom-tickets-1989773054770,Eventbrite,
Aquatic Movement Teacher Training Singapore — Foundation (22-25 June 2026),2026-06-22,2026-06-22,Singapore,Singapore,"Inspire Mum & Baby (Bendemeer) - Birth, Prenatal and Postnatal Fitness, Swim & Therapy",Event,,,,https://www.eventbrite.sg/e/aquatic-movement-teacher-training-singapore-foundation-22-25-june-2026-tickets-1986871506160,Eventbrite,
"Learn Calligraphy Workshop (Singapore) - 4 Hour Workshop, Saturday",2026-06-23,2026-06-23,Singapore,Singapore,Tampines Street 96,Event,,,,https://www.eventbrite.sg/e/learn-calligraphy-workshop-singapore-4-hour-workshop-saturday-tickets-1983606250693,Eventbrite,
Making AI Your Most Productive Employee,2026-06-23,2026-06-23,Singapore,Singapore,Lifelong Learning Institute,Event,,,,https://www.eventbrite.sg/e/making-ai-your-most-productive-employee-tickets-1989895045648,Eventbrite,
GPF EW on Inland Container Depots – Operations and Planning on 24-25 Jun 26,2026-06-24,2026-06-25,Singapore,Singapore,M Hotel Singapore City Centre,Event,,,,https://www.eventbrite.sg/e/gpf-ew-on-inland-container-depots-operations-and-planning-on-24-25-jun-26-tickets-1267552145589,Eventbrite,
The Breakfast Club: Business Networking,2026-06-24,2026-06-24,Singapore,Singapore,CEO SUITE,Event,,,,https://www.eventbrite.sg/e/the-breakfast-club-business-networking-tickets-1981476283905,Eventbrite,
Klinikum Series+/ Intro to Digital Health (For Startups),2026-06-25,2026-06-25,Singapore,Singapore,Singapore (Virtual),Event,,,,https://www.eventbrite.com/e/klinikum-series-intro-to-digital-health-for-startups-tickets-1988895242209,Eventbrite,
AI Vision Arcade Lab [Ubi],2026-06-25,2026-06-25,Singapore,Singapore,Explorer Junior Ubi,Event,,,,https://www.eventbrite.com/e/ai-vision-arcade-lab-ubi-tickets-1988747490279,Eventbrite,
"GPF EW On Use & Misuses Of Processes In ContainerTerminal, 25-26 Jun 26 SPR",2026-06-25,2026-06-26,Singapore,Singapore,M Hotel Singapore,Event,,,,https://www.eventbrite.sg/e/gpf-ew-on-use-misuses-of-processes-in-containerterminal-25-26-jun-26-spr-tickets-1681558971149,Eventbrite,
AI Made Simple Conference 2026,2026-06-25,2026-06-25,Singapore,Singapore,Devan Nair Institute for Employment and Employability,Event,,,,https://www.eventbrite.com/e/ai-made-simple-conference-2026-tickets-1987375521684,Eventbrite,
ROUNDTABLE Singapore: Tech x Startup Meet (Free),2026-06-25,2026-06-25,Singapore,Singapore,Singapore,Event,,,,https://www.eventbrite.com/e/roundtable-singapore-tech-x-startup-meet-free-tickets-1987788183968,Eventbrite,
Critical Illness and Financial Strain: Why Insurance Coverage is Essential,2026-06-26,2026-06-26,Singapore,Singapore,Phillip Investor Centre (Northpoint City),Event,,,,https://www.eventbrite.sg/e/critical-illness-and-financial-strain-why-insurance-coverage-is-essential-tickets-1988544988591,Eventbrite,
SME Growth Strategy Workshop,2026-06-26,2026-06-26,Singapore,Singapore,Times Centre,Event,,,,https://www.eventbrite.com/e/sme-growth-strategy-workshop-tickets-1988798553009,Eventbrite,
Our Family Mental Wellness Workshop,2026-06-26,2026-06-26,Singapore,Singapore,City Square Mall,Event,,,,https://www.eventbrite.sg/e/our-family-mental-wellness-workshop-tickets-1989206521253,Eventbrite,
International CSR & Sustainability (ICS) Summit 2026 - HRDC Claimable,2026-06-26,2026-06-26,Malaysia,Kuala Lumpur,InterContinental Kuala Lumpur by IHG,Event,,,,https://www.eventbrite.hk/e/international-csr-sustainability-ics-summit-2026-hrdc-claimable-tickets-1982938758205,Eventbrite,
"Kuala Lumpur, Malaysia, 200 Hour Yoga Teacher Training",2026-06-26,2026-06-26,Malaysia,Kuala Lumpur,Bukit Damansara,Event,,,,https://www.eventbrite.co.nz/e/kuala-lumpur-malaysia-200-hour-yoga-teacher-training-registration-1980828815309,Eventbrite,
Future Maritime Innovation with SIT,2026-06-27,2026-06-27,Singapore,Singapore,Punggol Coast MRT Station (NE18),Event,,,,https://www.eventbrite.sg/e/future-maritime-innovation-with-sit-tickets-1989069003935,Eventbrite,
Floating Full Moon CRYSTAL BOWLS HEALING in AirCradle™–Gravity of the Heart,2026-06-27,2026-06-27,Singapore,Singapore,Fairmont Hotel Singapore Wellness Studio,Event,,,,https://www.eventbrite.sg/e/floating-full-moon-crystal-bowls-healing-in-aircradletmgravity-of-the-heart-tickets-1989536746967,Eventbrite,
Gong Practitioner Mastery Training Course Level 2,2026-06-27,2026-06-27,Singapore,Singapore,SPACE2B,Event,,,,https://www.eventbrite.sg/e/gong-practitioner-mastery-training-course-level-2-tickets-1978614392912,Eventbrite,
Skills Training Workshop - From Encounter to Hope,2026-06-27,2026-06-27,Singapore,Singapore,Promises Healthcare (Psychiatry & Psychology Clinic),Event,,,,https://www.eventbrite.sg/e/skills-training-workshop-from-encounter-to-hope-tickets-1984533532217,Eventbrite,
"GPF ExeWkshp on Excellence in PPP Infrastructure, 27-28 Jun 26, Singapore",2026-06-27,2026-06-28,Singapore,Singapore,M Hotel Singapore,Event,,,,https://www.eventbrite.sg/e/gpf-exewkshp-on-excellence-in-ppp-infrastructure-27-28-jun-26-singapore-tickets-1681728127099,Eventbrite,
Golf Workshop,2026-06-27,2026-06-27,Malaysia,Kuala Lumpur,Kuala Lumpur,Event,,,,https://www.eventbrite.com/e/golf-workshop-tickets-1989388420318,Eventbrite,
Malaysia International Jewellery Fair (MIJF) 2O26,2026-06-27,2026-06-30,Malaysia,Kuala Lumpur,Kuala Lumpur Convention Centre,Event,,,,https://www.eventbrite.com/e/malaysia-international-jewellery-fair-mijf-2o26-tickets-1982739483168,Eventbrite,
The Global Icons of Impact 2026 | Business Awards & Summits,2026-06-28,2026-06-28,Singapore,Singapore,Grand Copthorne Waterfront Hotel Singapore,Event,,,,https://www.eventbrite.ie/e/the-global-icons-of-impact-2026-business-awards-summits-tickets-1989377683203,Eventbrite,
WSQ AI Business Innovation Management - 29 -30 June 2026,2026-06-29,2026-06-30,Singapore,Singapore,Lifelong Learning Institute - Learning Hub in Singapore,Event,,,,https://www.eventbrite.sg/e/wsq-ai-business-innovation-management-29-30-june-2026-tickets-1986869248407,Eventbrite,
Certified Strategic Digital Transformation Leader (SDTL),2026-06-29,2026-06-30,Malaysia,Kuala Lumpur,"The Horizon, Bangsar South",Event,,,,https://www.eventbrite.sg/e/certified-strategic-digital-transformation-leader-sdtl-tickets-1982435756714,Eventbrite,
How I Use Claude to Automate 99% of Content Creation (The Full AI Guide),2026-06-29,2026-06-29,Malaysia,Kuala Lumpur,EQ Kuala Lumpur,Event,,,,https://www.eventbrite.de/e/how-i-use-claude-to-automate-99-of-content-creation-the-full-ai-guide-tickets-1989740559576,Eventbrite,
MALAYSIA INTERNATIONAL JEWELLERY FAIR (MIJF) 2026,2026-06-29,2026-06-29,Malaysia,Kuala Lumpur,Kuala Lumpur Convention Centre,Event,,,,https://www.eventbrite.com/e/malaysia-international-jewellery-fair-mijf-2026-tickets-1629318809419,Eventbrite,
Cell & Gene Therapy World Asia 2026 (Additional Conference Pass),2026-06-30,2026-07-01,Singapore,Singapore,"Sands Expo & Convention Centre, Marina Bay Sands Singapore",Event,,,,https://www.eventbrite.sg/e/cell-gene-therapy-world-asia-2026-additional-conference-pass-tickets-1986780921218,Eventbrite,
"Strategic Breakthrough Summit 2026 (Wed) @ Kuala Lumpur, Malaysia",2026-07-01,2026-07-01,Malaysia,Kuala Lumpur,KL Gateway Mall,Event,,,,https://www.eventbrite.sg/e/strategic-breakthrough-summit-2026-wed-kuala-lumpur-malaysia-tickets-1989774032695,Eventbrite,
Asian Banking &amp; Finance and Insurance Asia Summit - Singapore,2026-07-01,2026-07-01,Singapore,Singapore,,Conference,,,,https://10times.com/e1h5-0r27-zpgh-p-asian-banking-finance-insurance-asia-summit,10times,
EXCELLENCE 2030 - Amplifiz Pharma and MedTech Conference (Singapore/APAC),2026-07-02,2026-07-02,Singapore,Singapore,METT Singapore,Event,,,,https://www.eventbrite.sg/e/excellence-2030-amplifiz-pharma-and-medtech-conference-singaporeapac-tickets-1985702487594,Eventbrite,
Couple Workshop: The Art of Disagreement,2026-07-03,2026-07-03,Singapore,Singapore,Republic of Singapore Yacht Club,Event,,,,https://www.eventbrite.sg/e/couple-workshop-the-art-of-disagreement-tickets-1972571130351,Eventbrite,
The Psychology of Safety: How to Tackle Complacency and Drive Sustainable C,2026-07-03,2026-07-03,Singapore,Singapore,The Arcade,Event,,,,https://www.eventbrite.sg/e/the-psychology-of-safety-how-to-tackle-complacency-and-drive-sustainable-c-tickets-1985031437465,Eventbrite,
"That Which Prevails (4 JULY, SAT, 7:30PM)",2026-07-04,2026-07-04,Singapore,Singapore,SOTA Concert Hall,Event,,,,https://www.eventbrite.com/e/that-which-prevails-4-july-sat-730pm-tickets-1988059006004,Eventbrite,
"That Which Prevails (5 JULY, SUN, 3:00PM)",2026-07-05,2026-07-05,Singapore,Singapore,SOTA Concert Hall,Event,,,,https://www.eventbrite.com/e/that-which-prevails-5-july-sun-300pm-tickets-1988610993012,Eventbrite,
"EduCon Singapore – International Conference on Education, 05-06 July 2026",2026-07-05,2026-07-06,Singapore,Singapore,"The National University of Singapore Society (NUSS) The Graduate Club, Suntec City Guild House, 3 Temasek Boulevard (Tower 5), #02- 401/402 Suntec City Mall, Singapore",Event,,,,https://www.eventbrite.com/e/educon-singapore-international-conference-on-education-05-06-july-2026-tickets-1494100778649,Eventbrite,
Social Science &amp; Humanities Research Association International Conference,2026-07-05,2026-07-06,Singapore,Singapore,,Conference,,,,https://10times.com/e1kg-242h-d2xs,10times,
"Pure & Applied Sciences Int Conference, 06-07 July 2026, Singapore",2026-07-06,2026-07-07,Singapore,Singapore,"The National University of Singapore Society (NUSS) The Graduate Club, Suntec City Guild House, 3 Temasek Boulevard (Tower 5), #02- 401/402 Suntec City Mall, Singapore",Event,,,,https://www.eventbrite.com/e/pure-applied-sciences-int-conference-06-07-july-2026-singapore-tickets-1521182340329,Eventbrite,
"EW on Dredging Techniques & Constn for Ports & Term. , 6-8 Jul 26, SPR",2026-07-06,2026-07-08,Singapore,Singapore,M Hotel Singapore,Event,,,,https://www.eventbrite.sg/e/ew-on-dredging-techniques-constn-for-ports-term-6-8-jul-26-spr-tickets-1984124327274,Eventbrite,
"BioTecnica 2026–Int Conf on Advances in Bio Sciences, 06-07 July, Singapore",2026-07-06,2026-07-07,Singapore,Singapore,"The National University of Singapore Society (NUSS) The Graduate Club, Suntec City Guild House, 3 Temasek Boulevard (Tower 5), #02- 401/402 Suntec City Mall, Singapore",Event,,,,https://www.eventbrite.com/e/biotecnica-2026int-conf-on-advances-in-bio-sciences-06-07-july-singapore-tickets-1535822880579,Eventbrite,
International Conference on Management &amp; Business Practices,2026-07-06,2026-07-07,Singapore,Singapore,,Conference,,,,https://10times.com/e1kg-205r-5xsh,10times,
National Safety Conference 2026,2026-07-07,2026-07-07,Singapore,Singapore,Devan Nair Institute For Employment And Employability,Event,,,,https://www.eventbrite.sg/e/national-safety-conference-2026-tickets-1988529981705,Eventbrite,
International Leadership Research Forum: ILRF EC Conference 2026,2026-07-07,2026-07-09,Singapore,Singapore,Singapore University of Social Sciences,Event,,,,https://www.eventbrite.sg/e/international-leadership-research-forum-ilrf-ec-conference-2026-tickets-1592808124979,Eventbrite,
South East Asia Fashion Week - B2B TRADE FAIR,2026-07-07,2026-07-08,Malaysia,Kuala Lumpur,Putrajaya International Convention Centre,Event,,,,https://www.eventbrite.sg/e/south-east-asia-fashion-week-b2b-trade-fair-tickets-1989747853392,Eventbrite,
8th Int'l Conference & Postgraduate Colloquium of Environmental Research,2026-07-08,2026-07-08,Malaysia,Kuala Lumpur,University of Nottingham Malaysia,Event,,,,https://www.eventbrite.sg/e/8th-intl-conference-postgraduate-colloquium-of-environmental-research-tickets-1980047991845,Eventbrite,
Double Materiality Assessment and Stakeholder Engagement Workshop,2026-07-08,2026-07-08,Malaysia,Kuala Lumpur,Bernard Business Consulting Sdn. Bhd.,Event,,,,https://www.eventbrite.com/e/double-materiality-assessment-and-stakeholder-engagement-workshop-tickets-1985779167947,Eventbrite,
Annual Healthcare AI Symposium,2026-07-08,2026-07-10,Singapore,Singapore,,Conference,,,,https://10times.com/e10g-d4hs-1shd-9-annual-healthcare-ai-symposium,10times,
International Conference on Catalysis and Chemical Engineering,2026-07-09,2026-07-10,Singapore,Singapore,Singapore,Event,,,,https://www.eventbrite.it/e/international-conference-on-catalysis-and-chemical-engineering-tickets-1977270479230,Eventbrite,
PTM02: Treasury Markets and Products Seminar Training Program,2026-07-09,2026-07-10,Singapore,Singapore,Sheraton Towers Singapore,Event,,,,https://www.eventbrite.sg/e/ptm02-treasury-markets-and-products-seminar-training-program-tickets-857848667457,Eventbrite,
Integrating Sustainability Risk into Enterprise Risk Management Workshop,2026-07-09,2026-07-09,Malaysia,Kuala Lumpur,Bernard Business Consulting Sdn. Bhd.,Event,,,,https://www.eventbrite.com/e/integrating-sustainability-risk-into-enterprise-risk-management-workshop-tickets-1985779526018,Eventbrite,
Boardgame Networking Night,2026-07-10,2026-07-10,Singapore,Singapore,"30 Prinsep St, #01 01",Event,,,,https://www.eventbrite.sg/e/boardgame-networking-night-tickets-1989206140113,Eventbrite,
To Thrive in the Age of Artificial Intelligence by A/Prof Angie Chew,2026-07-11,2026-07-11,Singapore,Singapore,Brahm Centre @ Labrador,Event,,,,https://www.eventbrite.sg/e/to-thrive-in-the-age-of-artificial-intelligence-by-aprof-angie-chew-registration-1989774703702,Eventbrite,
Strategic Leadership in Church Operations (Free Introductory Workshops),2026-07-11,2026-07-11,Singapore,Singapore,East Asia School of Theology (Level 3 classroom),Event,,,,https://www.eventbrite.sg/e/strategic-leadership-in-church-operations-free-introductory-workshops-tickets-1989387182616,Eventbrite,
"World University Expo@Suntec 11 July, Saturday Only!",2026-07-11,2026-07-11,Singapore,Singapore,Suntec Singapore Convention & Exhibition Centre,Event,,,,https://www.eventbrite.sg/e/world-university-exposuntec-11-july-saturday-only-tickets-1988895887138,Eventbrite,
SingaiVizha 2026,2026-07-11,2026-07-11,Singapore,Singapore,GlassDome - Landmark of Good,Event,,,,https://www.eventbrite.com/e/singaivizha-2026-tickets-1981987450819,Eventbrite,
LX2 Unconference 2026 - Learning Experience Exchange,2026-07-11,2026-07-11,Malaysia,Kuala Lumpur,The iSpace,Event,,,,https://www.eventbrite.sg/e/lx2-unconference-2026-learning-experience-exchange-tickets-1988669071727,Eventbrite,
Startup Valuation and Fund Raising,2026-07-13,2026-07-15,Singapore,Singapore,One Raffles Place,Event,,,,https://www.eventbrite.sg/e/startup-valuation-and-fund-raising-tickets-1975943440020,Eventbrite,
International Conference of P4C in the Asia-Pacific 2026,2026-07-13,2026-07-13,Singapore,Singapore,新加坡国立教育学院,Event,,,,https://www.eventbrite.com.au/e/international-conference-of-p4c-in-the-asia-pacific-2026-tickets-1984283854424,Eventbrite,
Certified Strategic Digital Project Manager (SDPM) @ Kuala Lumpur,2026-07-13,2026-07-14,Malaysia,Kuala Lumpur,KL Gateway Mall,Event,,,,https://www.eventbrite.sg/e/certified-strategic-digital-project-manager-sdpm-kuala-lumpur-tickets-1982610435182,Eventbrite,
Basic Excel Training,2026-07-13,2026-07-14,Malaysia,Kuala Lumpur,JW Marriott Kuala Lumpur,Event,,,,https://www.eventbrite.sg/e/basic-excel-training-tickets-1975843628481,Eventbrite,
Singapore Heartland Enterprise Summit 2026,2026-07-14,2026-07-14,Singapore,Singapore,Chui Huay Lim Club,Event,,,,https://www.eventbrite.sg/e/singapore-heartland-enterprise-summit-2026-tickets-1988386588813,Eventbrite,
Corporate Fundraising Masterclass,2026-07-14,2026-07-16,Singapore,Singapore,One Raffles Place,Event,,,,https://www.eventbrite.sg/e/corporate-fundraising-masterclass-tickets-1975904195639,Eventbrite,
FinCrime Leaders Summit Southeast Asia,2026-07-14,2026-07-14,Singapore,Singapore,,Conference,,,,https://10times.com/e1d5-g7f4-f2hx-d,10times,
[16 & 17 Jul 2026] Turning Customer Complaints Into Our Opportunities,2026-07-16,2026-07-17,Singapore,Singapore,"Holiday Inn Singapore Orchard City Centre, an IHG Hotel",Event,,,,https://www.eventbrite.sg/e/16-17-jul-2026-turning-customer-complaints-into-our-opportunities-tickets-1989368350288,Eventbrite,
2nd Edition of the International Obesity and Metabolism Conference,2026-07-17,2026-07-17,Singapore,Singapore,"Village Hotel Changi, 1 Netheravon Road",Event,,,,https://www.eventbrite.com/e/2nd-edition-of-the-international-obesity-and-metabolism-conference-tickets-1986117077644,Eventbrite,
2nd Edition of the Public Health World Conference (PHWC 2026),2026-07-17,2026-07-17,Singapore,Singapore,"Village Hotel Changi, Singapore",Event,,,,https://www.eventbrite.com/e/2nd-edition-of-the-public-health-world-conference-phwc-2026-tickets-1985432098854,Eventbrite,
Play To Win - 3 Day Free Experiential Business Training,2026-07-17,2026-07-19,Malaysia,Kuala Lumpur,Dwi Emas International School,Event,,,,https://www.eventbrite.com/e/play-to-win-3-day-free-experiential-business-training-tickets-1978822099167,Eventbrite,
"The Coastal Quest – Mersing, Malaysia (July 2026) Intermediate: WAITLIST",2026-07-18,2026-07-19,Singapore,Singapore,"Mersing, Malaysia",Event,,,,https://www.eventbrite.sg/e/the-coastal-quest-mersing-malaysia-july-2026-intermediate-waitlist-tickets-1986712645002,Eventbrite,
INVEST FAIR 2026,2026-07-18,2026-07-19,Malaysia,Kuala Lumpur,Mid Valley Exhibition Centre (MVEC KL),Event,,,,https://www.eventbrite.com/e/invest-fair-2026-tickets-1982651453870,Eventbrite,
JC 2 Chemistry Term 2 BL3 & BL4 [Organic Reactions and Synthesis-Part 1],2026-07-19,2026-07-19,Singapore,Singapore,Indigo Education,Event,,,,https://www.eventbrite.sg/e/jc-2-chemistry-term-2-bl3-bl4-organic-reactions-and-synthesis-part-1-tickets-1988218386716,Eventbrite,
3rd Edition Of Plant Science and Molecular Biology World Conference 2026,2026-07-20,2026-07-20,Singapore,Singapore,Village Hotel Changi,Event,,,,https://www.eventbrite.com/e/3rd-edition-of-plant-science-and-molecular-biology-world-conference-2026-tickets-1985432225232,Eventbrite,
Women’s Health World Conference,2026-07-20,2026-07-20,Singapore,Singapore,Village Hotel Changi,Event,,,,https://www.eventbrite.com/e/womens-health-world-conference-tickets-1976324237997,Eventbrite,
Women's Health World Conference 2026,2026-07-20,2026-07-20,Singapore,Singapore,Village Hotel Changi,Event,,,,https://www.eventbrite.com/e/womens-health-world-conference-2026-tickets-1980244231804,Eventbrite,
PCR01: Corporate Risk Evaluation and Financial Modelling Training Program,2026-07-20,2026-07-22,Singapore,Singapore,Sheraton Towers Singapore,Event,,,,https://www.eventbrite.sg/e/pcr01-corporate-risk-evaluation-and-financial-modelling-training-program-tickets-1075496923249,Eventbrite,
Gynecology World Conference 2026,2026-07-20,2026-07-20,Singapore,Singapore,Village Hotel Changi,Event,,,,https://www.eventbrite.com/e/gynecology-world-conference-2026-tickets-1980244867706,Eventbrite,
PFD01: Financial Derivatives Part I Seminar Training Program,2026-07-21,2026-07-24,Singapore,Singapore,Sheraton Towers Singapore,Event,,,,https://www.eventbrite.sg/e/pfd01-financial-derivatives-part-i-seminar-training-program-tickets-1977704881539,Eventbrite,
Ageing Artfully Conference 2026,2026-07-22,2026-07-22,Singapore,Singapore,NAFA Campus 1,Event,,,,https://www.eventbrite.sg/e/ageing-artfully-conference-2026-tickets-1987813693267,Eventbrite,
"Growth Facilitator Training 23, 24, 25 & 26 July '26 (In-Person)",2026-07-23,2026-07-26,Singapore,Singapore,SUSS (Singapore University of Social Sciences),Event,,,,https://www.eventbrite.sg/e/growth-facilitator-training-23-24-25-26-july-26-in-person-tickets-1988746404030,Eventbrite,
Morning Affair: Influence with edge,2026-07-23,2026-07-23,Singapore,Singapore,Holiday Inn Express & Suites Singapore Novena by IHG,Event,,,,https://www.eventbrite.sg/e/morning-affair-influence-with-edge-tickets-1979840040858,Eventbrite,
CliftonStrengths® Workshop: Play To Your Strengths for Work,2026-07-24,2026-07-24,Singapore,Singapore,Singapore Land Tower,Event,,,,https://www.eventbrite.sg/e/cliftonstrengths-workshop-play-to-your-strengths-for-work-tickets-1986514059026,Eventbrite,
24 July 2026: Sexual Assault First Responder Training,2026-07-24,2026-07-24,Singapore,Singapore,Aware Centre,Event,,,,https://www.eventbrite.sg/e/24-july-2026-sexual-assault-first-responder-training-tickets-1979963125006,Eventbrite,
"myStarjob Fair 25 & 26 July 2026 | Mid Valley Exb Ctr, Southkey JOHOR BAHRU",2026-07-25,2026-07-26,Malaysia,Kuala Lumpur,Mid Valley Exhibition Centre Johor Bahru,Event,,,,https://www.eventbrite.com/e/mystarjob-fair-25-26-july-2026-mid-valley-exb-ctr-southkey-johor-bahru-tickets-1984942344987,Eventbrite,
APHM International Healthcare Conference and Exhibition 2026,2026-07-28,2026-07-30,Malaysia,Kuala Lumpur,Kuala Lumpur Convention Centre,Event,,,,https://www.eventbrite.sg/e/aphm-international-healthcare-conference-and-exhibition-2026-tickets-1972922287672,Eventbrite,
MARIM Conference 2026,2026-07-28,2026-07-28,Malaysia,Kuala Lumpur,Le Méridien Putrajaya,Event,,,,https://www.eventbrite.com/e/marim-conference-2026-tickets-1988386869653,Eventbrite,
International Conference on New Horizons in Analytical Sciences,2026-07-29,2026-07-31,Singapore,Singapore,NTU@one-north,Event,,,,https://www.eventbrite.sg/e/international-conference-on-new-horizons-in-analytical-sciences-tickets-1979135555724,Eventbrite,
Regional Workshop on Thermo Catalytic Conversion of Biomass and Waste Plast,2026-07-29,2026-07-31,Singapore,Singapore,NTU@one-north,Event,,,,https://www.eventbrite.sg/e/regional-workshop-on-thermo-catalytic-conversion-of-biomass-and-waste-plast-tickets-1982005788668,Eventbrite,
Aesthetic Workshop 2026 – Kota Kinabalu by EWA & PAAAMMI,2026-07-30,2026-07-30,Malaysia,Kuala Lumpur,European Wellness Academy (Auditorium),Event,,,,https://www.eventbrite.sg/e/aesthetic-workshop-2026-kota-kinabalu-by-ewa-paaammi-tickets-1984746713849,Eventbrite,
HRD Claimable 8CPD EWA Longevity Bio Regenerative Medicine – Hybrid Seminar,2026-07-30,2026-07-30,Malaysia,Kuala Lumpur,European Wellness Academy (Auditorium),Event,,,,https://www.eventbrite.sg/e/hrd-claimable-8cpd-ewa-longevity-bio-regenerative-medicine-hybrid-seminar-tickets-1984737958662,Eventbrite,
Men's Growth Circle 1 Aug'26 (In-Person @ Cairnhill CC),2026-08-01,2026-08-01,Singapore,Singapore,Cairnhill Community Club,Event,,,,https://www.eventbrite.sg/e/mens-growth-circle-1-aug26-in-person-cairnhill-cc-tickets-1974596127171,Eventbrite,
International Conference on Environment and Natural Science (ICENS) - 2026),2026-08-02,2026-08-03,Malaysia,Kuala Lumpur,"Palm Garden Hotel, Putrajaya, a Tribute Portfolio Hotel",Event,,,,https://www.eventbrite.com/e/international-conference-on-environment-and-natural-science-icens-2026-tickets-1982666799770,Eventbrite,
"2nd EW on Use of Technology for Ports and Terminals,4-5 Aug 26, SPR",2026-08-04,2026-08-05,Singapore,Singapore,M Hotel Singapore,Event,,,,https://www.eventbrite.sg/e/2nd-ew-on-use-of-technology-for-ports-and-terminals4-5-aug-26-spr-tickets-1554233015789,Eventbrite,
Couple Workshop: The Art of Disagreement (Pastors Only),2026-08-04,2026-08-04,Singapore,Singapore,Republic of Singapore Yacht Club,Event,,,,https://www.eventbrite.sg/e/couple-workshop-the-art-of-disagreement-pastors-only-tickets-1988051088322,Eventbrite,
"7th International Conference on Agriculture, Food Security, and Food Safety",2026-08-04,2026-08-05,Malaysia,Kuala Lumpur,Hotel Capitol Kuala Lumpur,Event,,,,https://www.eventbrite.co.uk/e/7th-international-conference-on-agriculture-food-security-and-food-safety-tickets-1987893571184,Eventbrite,
"EduCon K L – International Conference on Education, 05-06 August 2026",2026-08-05,2026-08-06,Malaysia,Kuala Lumpur,Hotel Capitol Kuala Lumpur,Event,,,,https://www.eventbrite.com/e/educon-k-l-international-conference-on-education-05-06-august-2026-tickets-1976561862739,Eventbrite,
"Pure & Applied Sciences International Conference, 06-07 August 2026, K L",2026-08-06,2026-08-07,Malaysia,Kuala Lumpur,Hotel Capitol Kuala Lumpur,Event,,,,https://www.eventbrite.com/e/pure-applied-sciences-international-conference-06-07-august-2026-k-l-tickets-1975917207558,Eventbrite,
"BioTecnica 2026–Int Conf on Advances in Biological Science,06-07August, K L",2026-08-06,2026-08-07,Malaysia,Kuala Lumpur,Hotel Capitol Kuala Lumpur,Event,,,,https://www.eventbrite.com/e/biotecnica-2026int-conf-on-advances-in-biological-science06-07august-k-l-tickets-1975918444257,Eventbrite,
[Malaysia] Digital disruption in commercial real estate seminar,2026-08-06,2026-08-06,Malaysia,Kuala Lumpur,"The Institution of Engineers, Malaysia (IEM)",Event,,,,https://www.eventbrite.sg/e/malaysia-digital-disruption-in-commercial-real-estate-seminar-tickets-1983934335002,Eventbrite,
Eventech Conference,2026-08-07,2026-08-07,Singapore,Singapore,マリーナベイ・サンズ,Event,,,,https://www.eventbrite.com/e/eventech-conference-tickets-1751395092869,Eventbrite,
NextLevel CEO Programme with Heriot-Watt University Malaysia,2026-08-07,2026-08-07,Malaysia,Kuala Lumpur,Heriot-Watt University Malaysia Campus,Event,,,,https://www.eventbrite.co.uk/e/nextlevel-ceo-programme-with-heriot-watt-university-malaysia-tickets-1988753435060,Eventbrite,
Robotime DIY & Crafting Club Malaysia Meetup 04,2026-08-08,2026-08-08,Malaysia,Kuala Lumpur,TBA,Event,,,,https://www.eventbrite.sg/e/robotime-diy-crafting-club-malaysia-meetup-04-tickets-1989175210602,Eventbrite,
Champions' Pathway 2026 | ITF Technical Seminar Malaysia,2026-08-08,2026-08-09,Malaysia,Kuala Lumpur,Institut Sukan Negara (ISN),Event,,,,https://www.eventbrite.sg/e/champions-pathway-2026-itf-technical-seminar-malaysia-tickets-1988625510434,Eventbrite,
Project Finance Modeling Training,2026-08-10,2026-08-12,Malaysia,Kuala Lumpur,JW Marriott Hotel Kuala Lumpur,Event,,,,https://www.eventbrite.sg/e/project-finance-modeling-training-tickets-1976111969095,Eventbrite,
PFD02: Financial Derivatives Part 2 Seminar Training Program,2026-08-13,2026-08-14,Singapore,Singapore,Sheraton Towers Singapore,Event,,,,https://www.eventbrite.sg/e/pfd02-financial-derivatives-part-2-seminar-training-program-tickets-1006537098557,Eventbrite,
PCF01: Real Estate Financing Seminar Training Program,2026-08-13,2026-08-14,Singapore,Singapore,Sheraton Towers Singapore,Event,,,,https://www.eventbrite.sg/e/pcf01-real-estate-financing-seminar-training-program-tickets-1006538241977,Eventbrite,
Couple Workshop: The Art of Engagement - Speak So Your Partner Hears Love,2026-08-16,2026-08-16,Singapore,Singapore,Republic of Singapore Yacht Club,Event,,,,https://www.eventbrite.sg/e/couple-workshop-the-art-of-engagement-speak-so-your-partner-hears-love-tickets-1972586386984,Eventbrite,
Venture Capital Investing Masterclass,2026-08-17,2026-08-19,Singapore,Singapore,One Raffles Place,Event,,,,https://www.eventbrite.sg/e/venture-capital-investing-masterclass-tickets-1976112394367,Eventbrite,
Corporate Valuation: Techniques & Applications,2026-08-17,2026-08-19,Singapore,Singapore,One Raffles Place,Event,,,,https://www.eventbrite.sg/e/corporate-valuation-techniques-applications-tickets-1976023749227,Eventbrite,
Mentor Walks Singapore: Get guidance and grow your network,2026-08-18,2026-08-18,Singapore,Singapore,"The Merlion, Merlion Park",Event,,,,https://www.eventbrite.com.au/e/mentor-walks-singapore-get-guidance-and-grow-your-network-tickets-1976671559846,Eventbrite,
Ergonomics & Hygiene Conference and Exhibition 2026,2026-08-19,2026-08-20,Singapore,Singapore,Devan Nair Institute for Employment and Employability,Event,,,,https://www.eventbrite.sg/e/ergonomics-hygiene-conference-and-exhibition-2026-tickets-1981999239078,Eventbrite,
Skills Training Workshop - From Stuck to Choice,2026-08-22,2026-08-22,Singapore,Singapore,Promises Healthcare (Psychiatry & Psychology Clinic),Event,,,,https://www.eventbrite.sg/e/skills-training-workshop-from-stuck-to-choice-tickets-1985972037826,Eventbrite,
EmpowerX Youth Entrepreneurship Summit,2026-08-23,2026-08-23,Singapore,Singapore,*SCAPE,Event,,,,https://www.eventbrite.sg/e/empowerx-youth-entrepreneurship-summit-tickets-1983190177206,Eventbrite,
Investigative Mastery: Investigation & Interview Techniques,2026-08-24,2026-08-25,Singapore,Singapore,Singapore,Event,,,,https://www.eventbrite.sg/e/investigative-mastery-investigation-interview-techniques-tickets-1985356281081,Eventbrite,
(SAVM 2026)The 4th Malaysia Vending Machines & Business Equipment Expo,2026-08-25,2026-08-25,Malaysia,Kuala Lumpur,马来西亚国际贸易与会展中心,Event,,,,https://www.eventbrite.com/e/savm-2026the-4th-malaysia-vending-machines-business-equipment-expo-tickets-1986888993465,Eventbrite,
DigiMarCon Singapore 2026 - Digital Marketing Conference & Exhibition,2026-08-26,2026-08-27,Singapore,Singapore,"Four Points by Sheraton Singapore, Riverview",Event,,,,https://www.eventbrite.com/e/digimarcon-singapore-2026-digital-marketing-conference-exhibition-registration-1653315092949,Eventbrite,
DigiMarCon Southeast Asia 2026 - Digital Marketing Conference & Exhibition,2026-08-26,2026-08-27,Singapore,Singapore,"Four Points by Sheraton Singapore, Riverview",Event,,,,https://www.eventbrite.com/e/digimarcon-southeast-asia-2026-digital-marketing-conference-exhibition-registration-1653315102979,Eventbrite,
PRM04: Credit Risk Management Seminar Training Program,2026-08-27,2026-08-28,Singapore,Singapore,Sheraton Towers Singapore,Event,,,,https://www.eventbrite.sg/e/prm04-credit-risk-management-seminar-training-program-tickets-1654332134949,Eventbrite,
2026 Asia Building（Indonesia）Expo,2026-08-27,2026-08-27,Malaysia,Kuala Lumpur,马来西亚国际贸易与会展中心,Event,,,,https://www.eventbrite.com/e/2026-asia-buildingindonesiaexpo-tickets-1979283930517,Eventbrite,
BEX Asia 2026 (The Built Environment Expo),2026-09-02,2026-09-04,Singapore,Singapore,Marina Bay Sands Singapore,Event,,,,https://www.eventbrite.co.uk/e/bex-asia-2026-the-built-environment-expo-tickets-1981692858686,Eventbrite,
International Conference on Education and Social Science (ICESS - 2026),2026-09-02,2026-09-03,Malaysia,Kuala Lumpur,"Palm Garden Hotel, Putrajaya, a Tribute Portfolio Hotel",Event,,,,https://www.eventbrite.com/e/international-conference-on-education-and-social-science-icess-2026-tickets-1988218558229,Eventbrite,
PCR04: Legal and Security Considerations in Support of Lending Transactions,2026-09-07,2026-09-07,Singapore,Singapore,Sheraton Towers Singapore,Event,,,,https://www.eventbrite.sg/e/pcr04-legal-and-security-considerations-in-support-of-lending-transactions-tickets-857853451767,Eventbrite,
"-2nd GPF Global Ports Leadership Program,  7-11 Sep, 2026, Dubai,  UAE",2026-09-07,2026-09-11,Singapore,Singapore,M Hotel Singapore City Centre,Event,,,,https://www.eventbrite.sg/e/-2nd-gpf-global-ports-leadership-program-7-11-sep-2026-dubai-uae-tickets-649758223337,Eventbrite,
International Conference on Environmental Forensics (iENFORCE 2026),2026-09-09,2026-09-09,Malaysia,Kuala Lumpur,Seri Pacific Hotel Kuala Lumpur,Event,,,,https://www.eventbrite.com/e/international-conference-on-environmental-forensics-ienforce-2026-tickets-1982122070470,Eventbrite,
Sustainable Philantrophy in Islamic Wealth Management,2026-09-09,2026-09-09,Malaysia,Kuala Lumpur,Wong Lu Peen & Tunku Alina,Event,,,,https://www.eventbrite.com/e/sustainable-philantrophy-in-islamic-wealth-management-tickets-1989080949665,Eventbrite,
Shipping Network Singapore - Networking Event: Risk and Resilience,2026-09-10,2026-09-10,Singapore,Singapore,Conrad Singapore Orchard,Event,,,,https://www.eventbrite.sg/e/shipping-network-singapore-networking-event-risk-and-resilience-tickets-1983714411204,Eventbrite,
THE ASIAN CAPTIVE CONFERENCE 2026,2026-09-10,2026-09-10,Malaysia,Kuala Lumpur,Sime Darby Convention Centre,Event,,,,https://www.eventbrite.com/e/the-asian-captive-conference-2026-tickets-1980047393054,Eventbrite,
ASEAN Garden Living Expo 2026,2026-09-10,2026-09-10,Malaysia,Kuala Lumpur,"MITEC, Kuala Lumpur, Malaysia",Event,,,,https://www.eventbrite.com/e/asean-garden-living-expo-2026-tickets-1977454339160,Eventbrite,
ASTROLOGY BASIC TRAINING,2026-09-13,2026-09-13,Singapore,Singapore,SPACE2B,Event,,,,https://www.eventbrite.sg/e/astrology-basic-training-tickets-1978118426463,Eventbrite,
"9th GPF EW on Financing Port and Terminal Proj, 14-16 Sep 26, Dubai",2026-09-14,2026-09-16,Singapore,Singapore,M Hotel Singapore City Centre,Event,,,,https://www.eventbrite.sg/e/9th-gpf-ew-on-financing-port-and-terminal-proj-14-16-sep-26-dubai-tickets-649764381757,Eventbrite,
The Digital Economy Expo 2026,2026-09-15,2026-09-17,Singapore,Singapore,Marina Bay Sands Singapore,Event,,,,https://www.eventbrite.com/e/bilhetes-the-digital-economy-expo-2026-1988937311038,Eventbrite,
Asia Investment Conference 2026 | Investing in the age of AI,2026-09-17,2026-09-18,Singapore,Singapore,"Ballroom, Shangri-La Hotel Singapore",Event,,,,https://www.eventbrite.com/e/asia-investment-conference-2026-investing-in-the-age-of-ai-tickets-1985118953227,Eventbrite,
"Singapore Big Business, Tech & Entrepreneur Professional Networking Soiree",2026-09-21,2026-09-21,Singapore,Singapore,No.5 Emerald Hill,Event,,,,https://www.eventbrite.com/e/singapore-big-business-tech-entrepreneur-professional-networking-soiree-tickets-1970098356217,Eventbrite,
Business Model Innovation,2026-09-21,2026-09-23,Singapore,Singapore,One Raffles Place,Event,,,,https://www.eventbrite.sg/e/business-model-innovation-tickets-1976694578696,Eventbrite,
"Countering the Unknown: Intelligence, Espionage & Security Today",2026-09-21,2026-09-22,Singapore,Singapore,Singapore,Event,,,,https://www.eventbrite.sg/e/countering-the-unknown-intelligence-espionage-security-today-tickets-1985522553406,Eventbrite,
21 - 25 Sep: Lil' Architects [3D x Art Adventure],2026-09-21,2026-09-25,Singapore,Singapore,KIDS SPACE,Event,,,,https://www.eventbrite.sg/e/21-25-sep-lil-architects-3d-x-art-adventure-tickets-1979651050583,Eventbrite,
"3rd Global Summit on Food, Agriculture & Plant Sciences",2026-09-21,2026-09-21,Malaysia,Kuala Lumpur,Malaysia,Event,,,,https://www.eventbrite.com/e/3rd-global-summit-on-food-agriculture-plant-sciences-tickets-1977259655857,Eventbrite,
3rd Agrifood Summit 2026,2026-09-21,2026-09-21,Malaysia,Kuala Lumpur,Malaysia,Event,,,,https://www.eventbrite.com/e/3rd-agrifood-summit-2026-tickets-1981281966697,Eventbrite,
IAA TALKS SUSTAINABILITY FOR GROWTH,2026-09-24,2026-09-24,Singapore,Singapore,JLL Singapore,Event,,,,https://www.eventbrite.com/e/iaa-talks-sustainability-for-growth-tickets-1989741888551,Eventbrite,
PCR06: Regulatory Compliance Seminar Training Program,2026-09-25,2026-09-25,Singapore,Singapore,Sheraton Towers Singapore,Event,,,,https://www.eventbrite.sg/e/pcr06-regulatory-compliance-seminar-training-program-tickets-1365267013389,Eventbrite,
PCR05: Understanding The Financial Services Industry Seminar Training Prog,2026-09-25,2026-09-25,Singapore,Singapore,Sheraton Towers Singapore,Event,,,,https://www.eventbrite.sg/e/pcr05-understanding-the-financial-services-industry-seminar-training-prog-tickets-1365266241079,Eventbrite,
Touravel Tech Market 2026,2026-09-29,2026-09-29,Malaysia,Kuala Lumpur,Kuala lumpur Convention Centre,Event,,,,https://www.eventbrite.co.uk/e/touravel-tech-market-2026-tickets-1985528357767,Eventbrite,
The 13th International Conference on Fisheries and Aquaculture,2026-09-29,2026-09-30,Malaysia,Kuala Lumpur,Curtin University Malaysia,Event,,,,https://www.eventbrite.com/e/the-13th-international-conference-on-fisheries-and-aquaculture-tickets-1979288322654,Eventbrite,
Smart Home Tech Show 2026,2026-10-01,2026-10-01,Singapore,Singapore,Suntec Singapore Convention & Exhibition Centre,Event,,,,https://www.eventbrite.sg/e/smart-home-tech-show-2026-tickets-1989885375725,Eventbrite,
PCR10: Actively Managing Problem Loans Seminar Training Program,2026-10-01,2026-10-02,Singapore,Singapore,Sheraton Towers Singapore,Event,,,,https://www.eventbrite.sg/e/pcr10-actively-managing-problem-loans-seminar-training-program-tickets-749724876287,Eventbrite,
Token 2049  x Party Singapore,2026-10-02,2026-10-02,Singapore,Singapore,Minami,Event,,,,https://www.eventbrite.com/e/token-2049-x-party-singapore-tickets-1643993050469,Eventbrite,
Cash Flow and Working Capital Management,2026-10-05,2026-10-06,Singapore,Singapore,One Raffles Place,Event,,,,https://www.eventbrite.sg/e/cash-flow-and-working-capital-management-tickets-1976827851318,Eventbrite,
Intensive Training: Authentic Communication,2026-10-05,2026-10-05,Singapore,Singapore,CT Hub 2,Event,,,,https://www.eventbrite.sg/e/intensive-training-authentic-communication-tickets-1975965456873,Eventbrite,
PTM03: Understanding Asset and Liability Management Seminar Training Prog,2026-10-08,2026-10-09,Singapore,Singapore,Sheraton Towers Singapore,Event,,,,https://www.eventbrite.sg/e/ptm03-understanding-asset-and-liability-management-seminar-training-prog-tickets-893421506777,Eventbrite,
PAU02: Specialist Treasury Audit Seminar Training Program,2026-10-14,2026-10-16,Singapore,Singapore,Sheraton Towers Singapore,Event,,,,https://www.eventbrite.sg/e/pau02-specialist-treasury-audit-seminar-training-program-tickets-514545658917,Eventbrite,
"International Business Conference, Singapore 2026",2026-10-19,2026-10-19,Singapore,Singapore,TripleOne Somerset,Event,,,,https://www.eventbrite.co.uk/e/international-business-conference-singapore-2026-tickets-1987832185578,Eventbrite,
PCM01: Developing a Winning Cash Management Business Seminar Training Prog,2026-10-21,2026-10-22,Singapore,Singapore,Sheraton Towers Singapore,Event,,,,https://www.eventbrite.sg/e/pcm01-developing-a-winning-cash-management-business-seminar-training-prog-tickets-1075494144939,Eventbrite,
OPTIMIZING SECURITY WORKSHOP,2026-11-03,2026-11-03,Malaysia,Kuala Lumpur,Universiti Putra Malaysia,Event,,,,https://www.eventbrite.com/e/optimizing-security-workshop-tickets-1981658598212,Eventbrite,
POD01: Organization Design and Development Seminar Training Program,2026-11-05,2026-11-06,Singapore,Singapore,Sheraton Towers Singapore,Event,,,,https://www.eventbrite.sg/e/pod01-organization-design-and-development-seminar-training-program-tickets-1977705259670,Eventbrite,
PRM02: Financial Market Risk Management Seminar Training Program,2026-11-12,2026-11-13,Singapore,Singapore,Sheraton Towers Singapore,Event,,,,https://www.eventbrite.sg/e/prm02-financial-market-risk-management-seminar-training-program-tickets-1977705000896,Eventbrite,
International Dental Technology & Oral Health Conference,2026-11-16,2026-11-18,Singapore,Singapore,Village Hotel Changi,Event,,,,https://www.eventbrite.com/e/international-dental-technology-oral-health-conference-tickets-1981694702200,Eventbrite,
Harness the Power of AI in GxP - Singapore,2026-11-19,2026-11-20,Singapore,Singapore,Singapore,Event,,,,https://www.eventbrite.com/e/harness-the-power-of-ai-in-gxp-singapore-tickets-1978447209863,Eventbrite,
2nd Edition -International Congress on Material Science and Nanotechnology,2026-11-23,2026-11-25,Singapore,Singapore,Village Hotel Changi,Event,,,,https://www.eventbrite.com/e/2nd-edition-international-congress-on-material-science-and-nanotechnology-tickets-1980933621788,Eventbrite,
"Teacher 2026 – International Teaching Conference, 26-27 November, Singapore",2026-11-26,2026-11-27,Singapore,Singapore,"The National University of Singapore Society (NUSS) The Graduate Club, Suntec City Guild House, 3 Temasek Boulevard (Tower 5), #02- 401/402 Suntec City Mall, Singapore",Event,,,,https://www.eventbrite.com/e/teacher-2026-international-teaching-conference-26-27-november-singapore-tickets-1495104480749,Eventbrite,
Saints Encore 2026,2026-11-28,2026-11-28,Singapore,Singapore,St Andrew's Junior College,Event,,,,https://www.eventbrite.sg/e/saints-encore-2026-tickets-1988023570014,Eventbrite,
PCR09: Advanced Credit Management Seminar Training Program,2026-11-30,2026-12-01,Singapore,Singapore,Sheraton Towers Singapore,Event,,,,https://www.eventbrite.sg/e/pcr09-advanced-credit-management-seminar-training-program-tickets-1075494857069,Eventbrite,
"Global Mental Health, Psychiatry and Wellness Summit",2026-12-01,2026-12-01,Malaysia,Kuala Lumpur,Federal Territory of Kuala Lumpur,Event,,,,https://www.eventbrite.co.uk/e/global-mental-health-psychiatry-and-wellness-summit-tickets-1988072730053,Eventbrite,
18th International Conference and Exhibition on Pharmacology,2026-12-01,2026-12-01,Malaysia,Kuala Lumpur,AC Hotel Kuala Lumpur,Event,,,,https://www.eventbrite.co.uk/e/18th-international-conference-and-exhibition-on-pharmacology-tickets-1988072236577,Eventbrite,
Founders 2.0 Conference Singapore,2026-12-02,2026-12-02,Singapore,Singapore,Marina Bay Sands Singapore,Event,,,,https://www.eventbrite.com/e/founders-20-conference-singapore-tickets-1984871622454,Eventbrite,
Health 2.0 Conference Singapore,2026-12-02,2026-12-04,Singapore,Singapore,Marina Bay Sands Singapore,Event,,,,https://www.eventbrite.com/e/health-20-conference-singapore-tickets-1988890362614,Eventbrite,
"Kuala Lumpur – International Conference on Education, 07-08 December 2026",2026-12-07,2026-12-08,Malaysia,Kuala Lumpur,Hotel Capitol Kuala Lumpur,Event,,,,https://www.eventbrite.com/e/kuala-lumpur-international-conference-on-education-07-08-december-2026-tickets-1494089745649,Eventbrite,
"Pure & Applied Sciences Int Conference, 08-09 December 2026, Kuala Lumpur",2026-12-08,2026-12-09,Malaysia,Kuala Lumpur,Hotel Capitol Kuala Lumpur,Event,,,,https://www.eventbrite.com/e/pure-applied-sciences-int-conference-08-09-december-2026-kuala-lumpur-tickets-1521161698589,Eventbrite,
"BioTecnica 2026–Int Conf on Advance in Bio- Science,08-09 Dec, Kuala Lumpur",2026-12-08,2026-12-09,Malaysia,Kuala Lumpur,Hotel Capitol Kuala Lumpur,Event,,,,https://www.eventbrite.com/e/biotecnica-2026int-conf-on-advance-in-bio-science08-09-dec-kuala-lumpur-tickets-1535799761429,Eventbrite,
"Global Healthcare, Preventive Medicine & Public Health Summit & Exhibition",2026-12-08,2026-12-08,Malaysia,Kuala Lumpur,kuala lumpur malaysia,Event,,,,https://www.eventbrite.co.uk/e/global-healthcare-preventive-medicine-public-health-summit-exhibition-tickets-1988823696213,Eventbrite,
19th Global Nursing and Patient Safety Summit & Exhibition,2026-12-08,2026-12-08,Malaysia,Kuala Lumpur,kuala lumpur malaysia,Event,,,,https://www.eventbrite.co.uk/e/19th-global-nursing-and-patient-safety-summit-exhibition-tickets-1988844241665,Eventbrite,
"16th World Probiotics, Nutrition, Gut Health Conference and Exhibition",2026-12-10,2026-12-10,Malaysia,Kuala Lumpur,AC Hotel Kuala Lumpur,Event,,,,https://www.eventbrite.co.uk/e/16th-world-probiotics-nutrition-gut-health-conference-and-exhibition-tickets-1988066516468,Eventbrite,
"16th World Gastroenterology, IBD, Hepatology Conference & Exhibition",2026-12-10,2026-12-10,Malaysia,Kuala Lumpur,AC Hotel Kuala Lumpur,Event,,,,https://www.eventbrite.co.uk/e/16th-world-gastroenterology-ibd-hepatology-conference-exhibition-tickets-1983956997787,Eventbrite,
WORKSHOP MANAGING THE VISITOR,2026-12-10,2026-12-10,Malaysia,Kuala Lumpur,Universiti Putra Malaysia,Event,,,,https://www.eventbrite.com/e/workshop-managing-the-visitor-tickets-1981680676248,Eventbrite,
"16th World Endoscopy, GI Conference & Exhibition",2026-12-10,2026-12-10,Malaysia,Kuala Lumpur,AC Hotel Kuala Lumpur,Event,,,,https://www.eventbrite.co.uk/e/16th-world-endoscopy-gi-conference-exhibition-tickets-1988067786266,Eventbrite,
"6th World Neuroscience, Neurology and Brain Surgery Summit",2026-12-14,2026-12-14,Malaysia,Kuala Lumpur,AC Hotel Kuala Lumpur,Event,,,,https://www.eventbrite.co.uk/e/6th-world-neuroscience-neurology-and-brain-surgery-summit-tickets-1988065729113,Eventbrite,
6th International Neurosurgery and Neurological Surgeons Conference,2026-12-14,2026-12-14,Malaysia,Kuala Lumpur,AC Hotel Kuala Lumpur,Event,,,,https://www.eventbrite.co.uk/e/6th-international-neurosurgery-and-neurological-surgeons-conference-tickets-1988066140343,Eventbrite,
6th International Dental Conference & Exhibition,2027-02-04,2027-02-04,Malaysia,Kuala Lumpur,kuala lumpur malaysia,Event,,,,https://www.eventbrite.co.uk/e/6th-international-dental-conference-exhibition-tickets-1988813609042,Eventbrite,
MEGA International Business Networking,2027-02-19,2027-02-19,Singapore,Singapore,Singapore Recreation Club,Event,,,,https://www.eventbrite.sg/e/mega-international-business-networking-tickets-1248214325649,Eventbrite,
6th Edition of International Public Health Conference,2027-03-15,2027-03-17,Singapore,Singapore,Village Hotel Changi,Event,,,,https://www.eventbrite.com/e/6th-edition-of-international-public-health-conference-tickets-1987603946910,Eventbrite,
BioSupply Chain Asia 2027 (#BSCA) | BioPharma | Asia (SG),2027-03-23,2027-03-24,Singapore,Singapore,Sands Expo & Convention Centre,Event,,,,https://www.eventbrite.sg/e/biosupply-chain-asia-2027-bsca-biopharma-asia-sg-tickets-1985699534762,Eventbrite,
BioSupply Chain Asia 2027 (#BSCA) | Solution Provider (SG),2027-03-23,2027-03-24,Singapore,Singapore,Sands Expo & Convention Centre,Event,,,,https://www.eventbrite.sg/e/biosupply-chain-asia-2027-bsca-solution-provider-sg-tickets-1985700181697,Eventbrite,
BioSupply Chain Asia 2027 (#BSCA) | BioPharma | Asia,2027-03-23,2027-03-24,Singapore,Singapore,Sands Expo & Convention Centre,Event,,,,https://www.eventbrite.sg/e/biosupply-chain-asia-2027-bsca-biopharma-asia-tickets-1985699454522,Eventbrite,
"Traders Fair 2027 - Singapore, 27 MARCH (Financial Education Event)",2027-03-27,2027-03-27,Singapore,Singapore,Marina Bay Sands Expo & Convention Centre,Event,,,,https://www.eventbrite.com/e/traders-fair-2027-singapore-27-march-financial-education-event-tickets-862918531557,Eventbrite,
PCR07: Senior Lender’s Programme Seminar Training Program,2027-04-20,2027-04-21,Singapore,Singapore,Sheraton Towers Singapore,Event,,,,https://www.eventbrite.sg/e/pcr07-senior-lenders-programme-seminar-training-program-tickets-1075493272329,Eventbrite,
PRM01: Enterprise Risk Management Seminar Training Program,2027-05-06,2027-05-07,Singapore,Singapore,Sheraton Towers Singapore,Event,,,,https://www.eventbrite.sg/e/prm01-enterprise-risk-management-seminar-training-program-tickets-102662871412,Eventbrite,
"20th International Healthcare, Hospital Management, Nursing, Conference",2027-06-23,2027-06-23,Malaysia,Kuala Lumpur,AC Hotel Kuala Lumpur,Event,,,,https://www.eventbrite.co.uk/e/20th-international-healthcare-hospital-management-nursing-conference-tickets-1988070051040,Eventbrite,
6th World Cardiology and Cardiovascular Diseases Conference,2027-06-23,2027-06-23,Malaysia,Kuala Lumpur,kuala lumpur malaysia,Event,,,,https://www.eventbrite.co.uk/e/6th-world-cardiology-and-cardiovascular-diseases-conference-tickets-1988072222535,Eventbrite,
AT Conference,2027-11-09,2027-11-09,Singapore,Singapore,Sands Expo & Convention Centre,Event,,,,https://www.eventbrite.sg/e/at-conference-tickets-1755422719609,Eventbrite,
Singapore MetaExpo 2025,2028-04-21,2028-04-21,Singapore,Singapore,Marina Bay Sands,Event,,,,https://www.eventbrite.hk/e/singapore-metaexpo-2025-tickets-594566683957,Eventbrite,